-- MySQL dump 10.13  Distrib 5.5.47, for debian-linux-gnu (x86_64)
--
-- Host: localhost    Database: f15-cs691-shot
-- ------------------------------------------------------
-- Server version	5.5.47-0+deb8u1

/*!40101 SET @OLD_CHARACTER_SET_CLIENT=@@CHARACTER_SET_CLIENT */;
/*!40101 SET @OLD_CHARACTER_SET_RESULTS=@@CHARACTER_SET_RESULTS */;
/*!40101 SET @OLD_COLLATION_CONNECTION=@@COLLATION_CONNECTION */;
/*!40101 SET NAMES utf8 */;
/*!40103 SET @OLD_TIME_ZONE=@@TIME_ZONE */;
/*!40103 SET TIME_ZONE='+00:00' */;
/*!40014 SET @OLD_UNIQUE_CHECKS=@@UNIQUE_CHECKS, UNIQUE_CHECKS=0 */;
/*!40014 SET @OLD_FOREIGN_KEY_CHECKS=@@FOREIGN_KEY_CHECKS, FOREIGN_KEY_CHECKS=0 */;
/*!40101 SET @OLD_SQL_MODE=@@SQL_MODE, SQL_MODE='NO_AUTO_VALUE_ON_ZERO' */;
/*!40111 SET @OLD_SQL_NOTES=@@SQL_NOTES, SQL_NOTES=0 */;

--
-- Table structure for table `aggression_type`
--

DROP TABLE IF EXISTS `aggression_type`;
/*!40101 SET @saved_cs_client     = @@character_set_client */;
/*!40101 SET character_set_client = utf8 */;
CREATE TABLE `aggression_type` (
  `Type_of_Agression_ID` smallint(6) NOT NULL AUTO_INCREMENT,
  `Aggression_Type` varchar(40) NOT NULL,
  PRIMARY KEY (`Type_of_Agression_ID`)
) ENGINE=InnoDB AUTO_INCREMENT=8 DEFAULT CHARSET=latin1;
/*!40101 SET character_set_client = @saved_cs_client */;

--
-- Dumping data for table `aggression_type`
--

LOCK TABLES `aggression_type` WRITE;
/*!40000 ALTER TABLE `aggression_type` DISABLE KEYS */;
INSERT INTO `aggression_type` VALUES (1,'ALTERCATION (verbal)'),(2,'PHYSICAL ATTACK (use of body)'),(3,'brandish weapon'),(4,'FIRED GUN'),(5,'USED WEAPON'),(7,'q');
/*!40000 ALTER TABLE `aggression_type` ENABLE KEYS */;
UNLOCK TABLES;

--
-- Table structure for table `incident`
--

DROP TABLE IF EXISTS `incident`;
/*!40101 SET @saved_cs_client     = @@character_set_client */;
/*!40101 SET character_set_client = utf8 */;
CREATE TABLE `incident` (
  `Incident_ID` int(11) NOT NULL AUTO_INCREMENT,
  `Incident_Name` varchar(100) NOT NULL,
  `Date_Entered` timestamp NOT NULL DEFAULT CURRENT_TIMESTAMP,
  `User_id` varchar(20) NOT NULL,
  `Number_Officers_on_Scene` smallint(6) DEFAULT NULL,
  `Date_Occured` datetime NOT NULL,
  `Address_1` varchar(100) DEFAULT NULL,
  `Address_2` varchar(100) DEFAULT NULL,
  `City` varchar(100) NOT NULL,
  `State_ID` smallint(6) NOT NULL,
  `ZIP_CODE` varchar(10) DEFAULT NULL,
  `Location_Detail_ID` smallint(6) DEFAULT NULL,
  `Lawsuit` enum('Y','N') DEFAULT NULL,
  `Time` time DEFAULT NULL,
  `Approx_Time` enum('EM','MO','NO','AF','EV','NI','MN') DEFAULT NULL,
  `Off_Fired_Guns` smallint(6) DEFAULT NULL,
  `latitude` varchar(40) DEFAULT NULL,
  `longitude` varchar(40) DEFAULT NULL,
  `Total_Officer_Shots_Fired` int(11) DEFAULT NULL,
  `Indoors` enum('Y','N') DEFAULT NULL,
  PRIMARY KEY (`Incident_ID`),
  KEY `State_ID` (`State_ID`),
  KEY `Location_Detail_ID` (`Location_Detail_ID`),
  CONSTRAINT `incident_ibfk_1` FOREIGN KEY (`State_ID`) REFERENCES `state` (`State_ID`),
  CONSTRAINT `incident_ibfk_3` FOREIGN KEY (`Location_Detail_ID`) REFERENCES `location_detail` (`Location_Detail_ID`)
) ENGINE=InnoDB AUTO_INCREMENT=15 DEFAULT CHARSET=latin1;
/*!40101 SET character_set_client = @saved_cs_client */;

--
-- Dumping data for table `incident`
--

LOCK TABLES `incident` WRITE;
/*!40000 ALTER TABLE `incident` DISABLE KEYS */;
INSERT INTO `incident` VALUES (2,'The Albany Shooting','2015-11-22 04:05:06','Brenden',NULL,'2015-11-21 00:00:00',NULL,NULL,'Albany',32,NULL,NULL,'Y','00:05:00','MN',2,NULL,NULL,NULL,NULL),(3,'NYC Shooting','2015-11-22 22:02:58','ds92561n',NULL,'2015-11-22 00:00:00','123 main st',NULL,'New York City',32,'10001',115,'N','17:02:00','AF',NULL,'10',NULL,NULL,NULL),(5,'New Mexico Shooting','2015-12-03 03:23:55','a123',1,'2000-01-02 00:00:00','6900 Los Volcanes',NULL,'Albuquerque',31,NULL,160,'N','21:00:00','NI',1,'35.52411','106.43902',1,NULL),(6,'White Plains Shooting','2015-12-10 15:55:19','Brenden',NULL,'2015-12-07 00:00:00',NULL,NULL,'White Plains',32,NULL,43,'Y','00:05:00','MN',NULL,NULL,NULL,NULL,'N'),(7,'Detroit Shooting','2015-12-10 16:06:33','Brenden',NULL,'2015-12-08 00:00:00',NULL,NULL,'Detroit',22,NULL,80,'N','00:08:00','MN',NULL,NULL,NULL,NULL,'Y'),(8,'Ferguson','2015-12-10 16:22:51','Brenden',1,'2015-09-16 00:00:00',NULL,NULL,'Ferguson',25,NULL,206,'Y','03:58:00','EM',1,NULL,NULL,3,'N'),(9,'Green Bay Shooting','2015-12-10 16:24:37','Brenden',NULL,'2015-12-10 00:00:00',NULL,NULL,'Green Bay',49,NULL,NULL,'N',NULL,NULL,NULL,NULL,NULL,NULL,NULL),(10,'Appletown Shooting','2015-12-17 23:08:18','Brenden',NULL,'2015-12-16 00:00:00',NULL,NULL,'Appletown',4,NULL,80,'N',NULL,NULL,NULL,NULL,NULL,NULL,NULL),(11,'Sandyhook shooting','2015-12-17 23:33:29','arslan',NULL,'2015-12-16 00:00:00',NULL,NULL,'Newtown',12,NULL,NULL,'N',NULL,NULL,NULL,NULL,NULL,NULL,NULL),(12,'Bernardinho shooting','2015-12-21 01:22:46','Arslan',2,'2015-12-21 00:00:00','123 st',NULL,'nyc',32,NULL,NULL,'N',NULL,NULL,1,NULL,NULL,1,NULL),(13,'NYPD shooting','2016-01-06 20:46:46','Arslan',2,'2016-01-05 00:00:00','27 Hudson ave',NULL,'Irvington',32,'10533',3,'N','00:06:00','MN',1,NULL,NULL,5,'Y'),(14,'burger','2016-02-16 23:34:34','1',NULL,'2016-02-16 00:00:00',NULL,NULL,'2',2,NULL,NULL,'N',NULL,NULL,NULL,NULL,NULL,NULL,NULL);
/*!40000 ALTER TABLE `incident` ENABLE KEYS */;
UNLOCK TABLES;

--
-- Table structure for table `incident_officer`
--

DROP TABLE IF EXISTS `incident_officer`;
/*!40101 SET @saved_cs_client     = @@character_set_client */;
/*!40101 SET character_set_client = utf8 */;
CREATE TABLE `incident_officer` (
  `Incident_Officer_ID` int(11) NOT NULL AUTO_INCREMENT,
  `Incident_ID` int(11) NOT NULL,
  `Assignment_ID` smallint(6) DEFAULT NULL,
  `Call_Type_ID` smallint(6) DEFAULT NULL,
  `Outside_Agency_Assist` enum('Y','N') NOT NULL DEFAULT 'N',
  `Status_ID` smallint(6) DEFAULT NULL,
  `Dept_Type_ID` smallint(6) DEFAULT NULL,
  `Experience` smallint(6) DEFAULT NULL,
  `Shots_Files` smallint(6) DEFAULT NULL,
  `Department_ID` smallint(6) DEFAULT NULL,
  `Age` smallint(6) DEFAULT NULL,
  `Exp_in_Cluster` enum('LTT','OTT','FTS','GTE') DEFAULT NULL,
  `Officer_Casualty` enum('U','K','I') DEFAULT NULL,
  PRIMARY KEY (`Incident_Officer_ID`),
  KEY `Incident_ID` (`Incident_ID`),
  KEY `Assignment_ID` (`Assignment_ID`),
  KEY `Call_Type_ID` (`Call_Type_ID`),
  KEY `Status_ID` (`Status_ID`),
  KEY `Dept_Type_ID` (`Dept_Type_ID`),
  KEY `Department_ID` (`Department_ID`),
  CONSTRAINT `incident_officer_ibfk_1` FOREIGN KEY (`Incident_ID`) REFERENCES `incident` (`Incident_ID`) ON DELETE CASCADE,
  CONSTRAINT `incident_officer_ibfk_2` FOREIGN KEY (`Assignment_ID`) REFERENCES `officer_assignment` (`Assignment_ID`),
  CONSTRAINT `incident_officer_ibfk_3` FOREIGN KEY (`Call_Type_ID`) REFERENCES `officer_call_type` (`Call_Type_ID`),
  CONSTRAINT `incident_officer_ibfk_4` FOREIGN KEY (`Status_ID`) REFERENCES `officer_status` (`Status_ID`),
  CONSTRAINT `incident_officer_ibfk_5` FOREIGN KEY (`Dept_Type_ID`) REFERENCES `officer_dept_type` (`Dept_Type_ID`),
  CONSTRAINT `incident_officer_ibfk_6` FOREIGN KEY (`Department_ID`) REFERENCES `officer_department` (`Department_ID`)
) ENGINE=InnoDB AUTO_INCREMENT=5 DEFAULT CHARSET=latin1;
/*!40101 SET character_set_client = @saved_cs_client */;

--
-- Dumping data for table `incident_officer`
--

LOCK TABLES `incident_officer` WRITE;
/*!40000 ALTER TABLE `incident_officer` DISABLE KEYS */;
INSERT INTO `incident_officer` VALUES (2,5,10,19,'N',2,1,5,1,132,NULL,'FTS','U'),(3,5,NULL,NULL,'N',NULL,NULL,NULL,NULL,NULL,NULL,NULL,NULL),(4,6,10,9,'Y',2,2,20,12,5,NULL,NULL,NULL);
/*!40000 ALTER TABLE `incident_officer` ENABLE KEYS */;
UNLOCK TABLES;

--
-- Table structure for table `incident_shot`
--

DROP TABLE IF EXISTS `incident_shot`;
/*!40101 SET @saved_cs_client     = @@character_set_client */;
/*!40101 SET character_set_client = utf8 */;
CREATE TABLE `incident_shot` (
  `ID` smallint(6) NOT NULL AUTO_INCREMENT,
  `Suspect_Incident_ID` int(11) NOT NULL,
  `Target_Area_ID` smallint(6) NOT NULL,
  PRIMARY KEY (`ID`),
  KEY `Suspect_Incident_ID` (`Suspect_Incident_ID`),
  KEY `Target_Area_ID` (`Target_Area_ID`),
  CONSTRAINT `incident_shot_ibfk_1` FOREIGN KEY (`Suspect_Incident_ID`) REFERENCES `incident_suspect` (`Incident_Suspect_ID`) ON DELETE CASCADE,
  CONSTRAINT `incident_shot_ibfk_2` FOREIGN KEY (`Target_Area_ID`) REFERENCES `target_area` (`Target_Area_ID`)
) ENGINE=InnoDB AUTO_INCREMENT=21 DEFAULT CHARSET=latin1;
/*!40101 SET character_set_client = @saved_cs_client */;

--
-- Dumping data for table `incident_shot`
--

LOCK TABLES `incident_shot` WRITE;
/*!40000 ALTER TABLE `incident_shot` DISABLE KEYS */;
INSERT INTO `incident_shot` VALUES (3,2,5),(4,3,9),(5,4,6),(6,4,4),(7,5,5),(8,5,4),(9,5,3),(10,6,3),(11,6,2),(12,7,3),(13,7,10),(14,8,5),(15,8,3),(16,9,6),(17,10,5),(18,11,5),(19,12,1),(20,12,2);
/*!40000 ALTER TABLE `incident_shot` ENABLE KEYS */;
UNLOCK TABLES;

--
-- Table structure for table `incident_source`
--

DROP TABLE IF EXISTS `incident_source`;
/*!40101 SET @saved_cs_client     = @@character_set_client */;
/*!40101 SET character_set_client = utf8 */;
CREATE TABLE `incident_source` (
  `Source_ID` int(11) NOT NULL AUTO_INCREMENT,
  `Incident_ID` int(11) NOT NULL,
  `Source_Type_ID` smallint(6) NOT NULL,
  `Title` varchar(100) NOT NULL,
  `Author` varchar(100) NOT NULL,
  `Source_Date` date NOT NULL,
  `Link` varchar(500) DEFAULT NULL,
  `Newspaper_ID` smallint(6) DEFAULT NULL,
  `Abstract` varchar(255) DEFAULT NULL,
  PRIMARY KEY (`Source_ID`),
  KEY `Incident_ID` (`Incident_ID`),
  KEY `Source_Type_ID` (`Source_Type_ID`),
  KEY `Newspaper_ID` (`Newspaper_ID`),
  CONSTRAINT `incident_source_ibfk_1` FOREIGN KEY (`Incident_ID`) REFERENCES `incident` (`Incident_ID`) ON DELETE CASCADE,
  CONSTRAINT `incident_source_ibfk_2` FOREIGN KEY (`Source_Type_ID`) REFERENCES `source_type` (`Source_Type_ID`),
  CONSTRAINT `incident_source_ibfk_3` FOREIGN KEY (`Newspaper_ID`) REFERENCES `newspapers` (`Newspaper_ID`)
) ENGINE=InnoDB AUTO_INCREMENT=12 DEFAULT CHARSET=latin1;
/*!40101 SET character_set_client = @saved_cs_client */;

--
-- Dumping data for table `incident_source`
--

LOCK TABLES `incident_source` WRITE;
/*!40000 ALTER TABLE `incident_source` DISABLE KEYS */;
INSERT INTO `incident_source` VALUES (2,2,10,'Two Shot in Albany','Brenden OReilly','2015-11-18',NULL,8,NULL),(3,6,10,'Three Shot in White Plains','Bill Smith','2015-12-08','www.nytimes.com/whshooting.html',2617,NULL),(4,6,10,'Shooting in White Plains','Mary Wilson','2015-12-09',NULL,2653,NULL),(5,6,4,'WP Shooting','Ed Day','2015-12-10',NULL,NULL,NULL),(6,8,10,'Shooting in Ferguson','Randy Miller','2015-10-07',NULL,7,NULL),(7,5,10,'Aluquerque Shooting','Colin Rose','2000-01-03',NULL,30,NULL),(8,10,9,'Appletown shooting','bob White','2015-12-15',NULL,NULL,NULL),(9,3,10,'NYC Shooting','Smith','2016-01-06','http://www.nytimes.com',2617,'N/A'),(10,13,10,'Man was killed in his house','HT Arslan','2016-01-04',NULL,NULL,NULL),(11,14,14,'123','123','2016-02-16','123',NULL,'123');
/*!40000 ALTER TABLE `incident_source` ENABLE KEYS */;
UNLOCK TABLES;

--
-- Table structure for table `incident_suspect`
--

DROP TABLE IF EXISTS `incident_suspect`;
/*!40101 SET @saved_cs_client     = @@character_set_client */;
/*!40101 SET character_set_client = utf8 */;
CREATE TABLE `incident_suspect` (
  `Incident_Suspect_ID` int(11) NOT NULL AUTO_INCREMENT,
  `Incident_ID` int(11) NOT NULL,
  `Mental_Status_ID` smallint(6) DEFAULT NULL,
  `Weapons_ID` smallint(6) DEFAULT NULL,
  `Vehicle_Use_hit_and_run` enum('Y','N') NOT NULL DEFAULT 'N',
  `Vehicle_Chase` enum('Y','N') NOT NULL DEFAULT 'N',
  `Foot_Chase` enum('Y','N') NOT NULL DEFAULT 'N',
  `Alt_Motive` varchar(255) DEFAULT NULL,
  `Type_of_Agression_ID` smallint(6) DEFAULT NULL,
  `Age` smallint(6) DEFAULT NULL,
  `US_Citizen` enum('Y','N') NOT NULL DEFAULT 'N',
  `Gang_Affiliation` enum('Y','N') NOT NULL DEFAULT 'N',
  `Fatality` enum('Y','N') NOT NULL DEFAULT 'N',
  `Injury` enum('Y','N') NOT NULL DEFAULT 'N',
  PRIMARY KEY (`Incident_Suspect_ID`),
  KEY `Incident_ID` (`Incident_ID`),
  KEY `Mental_Status_ID` (`Mental_Status_ID`),
  KEY `Weapons_ID` (`Weapons_ID`),
  KEY `Type_of_Agression_ID` (`Type_of_Agression_ID`),
  CONSTRAINT `incident_suspect_ibfk_1` FOREIGN KEY (`Incident_ID`) REFERENCES `incident` (`Incident_ID`) ON DELETE CASCADE,
  CONSTRAINT `incident_suspect_ibfk_2` FOREIGN KEY (`Mental_Status_ID`) REFERENCES `mental_states` (`Mental_Status_ID`),
  CONSTRAINT `incident_suspect_ibfk_3` FOREIGN KEY (`Weapons_ID`) REFERENCES `weapons` (`Weapons_ID`),
  CONSTRAINT `incident_suspect_ibfk_4` FOREIGN KEY (`Type_of_Agression_ID`) REFERENCES `aggression_type` (`Type_of_Agression_ID`)
) ENGINE=InnoDB AUTO_INCREMENT=13 DEFAULT CHARSET=latin1;
/*!40101 SET character_set_client = @saved_cs_client */;

--
-- Dumping data for table `incident_suspect`
--

LOCK TABLES `incident_suspect` WRITE;
/*!40000 ALTER TABLE `incident_suspect` DISABLE KEYS */;
INSERT INTO `incident_suspect` VALUES (2,5,4,3,'N','N','N',NULL,3,18,'Y','N','N','Y'),(3,2,2,3,'N','N','N',NULL,NULL,22,'N','N','N','N'),(4,5,NULL,3,'N','N','N',NULL,NULL,NULL,'N','N','N','N'),(5,6,1,2,'N','N','N',NULL,2,NULL,'N','N','N','N'),(6,6,3,NULL,'N','N','N',NULL,2,NULL,'N','N','N','N'),(7,6,4,NULL,'N','N','N',NULL,2,NULL,'N','N','N','N'),(8,7,2,2,'N','N','N',NULL,4,25,'N','N','N','N'),(9,9,4,3,'N','N','N',NULL,3,NULL,'N','N','N','N'),(10,8,2,NULL,'N','N','N',NULL,2,NULL,'Y','N','Y','N'),(11,13,2,3,'Y','N','N',NULL,4,34,'Y','N','Y','N'),(12,14,1,2,'Y','N','N',NULL,2,23,'N','N','Y','N');
/*!40000 ALTER TABLE `incident_suspect` ENABLE KEYS */;
UNLOCK TABLES;

--
-- Table structure for table `location`
--

DROP TABLE IF EXISTS `location`;
/*!40101 SET @saved_cs_client     = @@character_set_client */;
/*!40101 SET character_set_client = utf8 */;
CREATE TABLE `location` (
  `Location_ID` smallint(6) NOT NULL AUTO_INCREMENT,
  `Location` varchar(50) NOT NULL,
  PRIMARY KEY (`Location_ID`)
) ENGINE=InnoDB AUTO_INCREMENT=12 DEFAULT CHARSET=latin1;
/*!40101 SET character_set_client = @saved_cs_client */;

--
-- Dumping data for table `location`
--

LOCK TABLES `location` WRITE;
/*!40000 ALTER TABLE `location` DISABLE KEYS */;
INSERT INTO `location` VALUES (1,'Residential'),(2,'Business / Commercial / Entertainment'),(3,'Educational Facilities'),(4,'Government / Political'),(5,'Industrial Complex'),(6,'Religious Places'),(7,'Rural Area'),(8,'Transportation'),(9,'Urban Area'),(10,'Utilities'),(11,'Other');
/*!40000 ALTER TABLE `location` ENABLE KEYS */;
UNLOCK TABLES;

--
-- Table structure for table `location_detail`
--

DROP TABLE IF EXISTS `location_detail`;
/*!40101 SET @saved_cs_client     = @@character_set_client */;
/*!40101 SET character_set_client = utf8 */;
CREATE TABLE `location_detail` (
  `Location_Detail_ID` smallint(6) NOT NULL AUTO_INCREMENT,
  `Location_Details` varchar(100) NOT NULL,
  `Location_ID` smallint(6) NOT NULL,
  PRIMARY KEY (`Location_Detail_ID`),
  KEY `Location_ID` (`Location_ID`),
  CONSTRAINT `location_detail_ibfk_1` FOREIGN KEY (`Location_ID`) REFERENCES `location` (`Location_ID`)
) ENGINE=InnoDB AUTO_INCREMENT=208 DEFAULT CHARSET=latin1;
/*!40101 SET character_set_client = @saved_cs_client */;

--
-- Dumping data for table `location_detail`
--

LOCK TABLES `location_detail` WRITE;
/*!40000 ALTER TABLE `location_detail` DISABLE KEYS */;
INSERT INTO `location_detail` VALUES (1,'Apartment',1),(2,'Condominium / Town House',1),(3,'House ',1),(4,'Manufactured Home ',1),(38,'Auto Dealership',2),(39,'Bar / Pub',2),(40,'Bazaar / Market Area',2),(41,'Cafe / Coffee Shop',2),(42,'Casino',2),(43,'Clothing / Apparel Store',2),(44,'Convention Center',2),(45,'Corporate Office',2),(46,'Financial Institution / Bank',2),(47,'Funeral Home',2),(48,'Gas Station',2),(49,'Golf Course / Country Club',2),(50,'Hotel / Motel (General)',2),(51,'Media Bldg. (Private)',2),(52,'Medical Facility ',2),(53,'Movie / Cinema Complex',2),(54,'Museum / Art Gallery / Exhibition',2),(55,'Night Club',2),(56,'Office Building (General)',2),(57,'Opera House / Concert Hall / Theatre',2),(58,'Research Facility ',2),(59,'Resort Areas ',2),(60,'Restaurant ',2),(61,'Shop / Store / Supermarket',2),(62,'Shopping Mall',2),(63,'Stadium / Sport Complex / Arena',2),(64,'Theme / Amusement / Safari Park ',2),(65,'Zoo / Aquarium / Circus',2),(68,'Elementary School',3),(69,'Middle School / Junior High',3),(70,'High School',3),(71,'Library',3),(72,'Pre-School (Kindergarten and 1st)',3),(73,'Religious School ',3),(74,'Special Need School',3),(75,'University / College',3),(79,'Border Station',4),(80,'Checkpoint',4),(81,'Diplomatic Mission ',4),(82,'EMS Station (Emergency)',4),(83,'Executive Bldg. ',4),(84,'Fire Station',4),(85,'Government Facility ',4),(86,'Immigration / Customs Bldg.',4),(87,'Judicial Bldg. ',4),(88,'Law Enforcement Bldg.',4),(89,'Legislative Bldg. ',4),(90,'Media Bldg. ',4),(92,'Military Facility',4),(93,'Ministry Bldg.',4),(94,'National / State Park',4),(95,'Other Office Building (Federal / State)',4),(96,'Political Party Office',4),(97,'Post Office / Courier Service (USPS)',4),(98,'Prison / Jail',4),(100,'UN / EU Building',4),(101,'Voting Station (Polls)',4),(103,'Construction Site',5),(104,'Factory / Chemical ',5),(105,'Factory / Workshop (general)',5),(106,'Foundry / Steel Plant',5),(107,'Logging Site',5),(108,'Lumber Mill ',5),(109,'Mine / Quarry',5),(110,'Refinery (Oil, Gas)',5),(111,'Warehouse',5),(114,'Association / Foundation',11),(115,'Charity',11),(116,'Government Sponsored Facility',11),(117,'International Organization ',11),(118,'Monument / Historical Site (Landmark)',11),(119,'Orphanage',11),(120,'Policy Institute (Think Tank)',11),(121,'Refugee Camp',11),(122,'Training Camps',11),(125,'Church',6),(126,'Graveyard / Cemetery / Mauselium',6),(127,'Masjid / Chapel ',6),(128,'Mission',6),(129,'Monastery',6),(130,'Mosque',6),(131,'Theological Institute',6),(132,'Shrine',6),(133,'Synagogue',6),(134,'Temple',6),(137,'Beach',7),(138,'Desert',7),(139,'Farm / Ranch',7),(140,'Field',7),(141,'Forest',7),(142,'Mountain',7),(144,'Town',7),(145,'Village',7),(146,'Other',7),(148,'Aircraft',8),(149,'Airport',8),(150,'At Sea / Ocean / Waterway',8),(151,'Bridge',8),(152,'Bus',8),(153,'Bus Station',8),(154,'Car',8),(155,'Garage (Parking Facility) - Private',8),(156,'Maritime ',8),(157,'Parking Lot',8),(158,'Railroad',8),(159,'Rest Area',8),(160,'Road / Highway / Street',8),(161,'Subway Terminal',8),(162,'Subway Train (Metro)',8),(163,'Taxicab Hub',8),(164,'Train',8),(165,'Train Station',8),(166,'Truck / Lorry / 18 Wheeler',8),(167,'Truck Stop',8),(168,'Tunnel',8),(169,'Water Vessel',8),(172,'Community Center',9),(173,'District',9),(174,'Park (Central Park)',9),(175,'Residential Neighborhood',9),(176,'Town Square',9),(179,'Nuclear Plant ',10),(180,'Power / Energy Plant',10),(181,'Water Pumping Station',10),(183,'Not Reported',10),(184,'Other',1),(185,'Not Reported',1),(186,'Other',2),(187,'Not Reported',2),(188,'Other',3),(189,'Not Reported',3),(190,'Other',4),(191,'Not Reported',4),(192,'Other',5),(193,'Not Reported',5),(194,'Other',11),(195,'Not Reported',11),(196,'Other',6),(197,'Not Reported',6),(198,'Not Reported',7),(199,'Other',8),(200,'Not Reported',8),(201,'Alley',9),(202,'Vacant Lot',9),(203,'Other',9),(204,'Not Reported',9),(205,'Cell Phone Tower',10),(206,'Other',10),(207,'Medical Facility',4);
/*!40000 ALTER TABLE `location_detail` ENABLE KEYS */;
UNLOCK TABLES;

--
-- Table structure for table `mental_states`
--

DROP TABLE IF EXISTS `mental_states`;
/*!40101 SET @saved_cs_client     = @@character_set_client */;
/*!40101 SET character_set_client = utf8 */;
CREATE TABLE `mental_states` (
  `Mental_Status_ID` smallint(6) NOT NULL AUTO_INCREMENT,
  `Mental_Status` varchar(30) NOT NULL,
  PRIMARY KEY (`Mental_Status_ID`)
) ENGINE=InnoDB AUTO_INCREMENT=6 DEFAULT CHARSET=latin1;
/*!40101 SET character_set_client = @saved_cs_client */;

--
-- Dumping data for table `mental_states`
--

LOCK TABLES `mental_states` WRITE;
/*!40000 ALTER TABLE `mental_states` DISABLE KEYS */;
INSERT INTO `mental_states` VALUES (1,'MENTALLY ILL'),(2,'MENTALLY STABLE'),(3,'SUICIDAL / DEPRESSED'),(4,'INTOXICATED'),(5,'q');
/*!40000 ALTER TABLE `mental_states` ENABLE KEYS */;
UNLOCK TABLES;

--
-- Table structure for table `newspapers`
--

DROP TABLE IF EXISTS `newspapers`;
/*!40101 SET @saved_cs_client     = @@character_set_client */;
/*!40101 SET character_set_client = utf8 */;
CREATE TABLE `newspapers` (
  `Newspaper_ID` smallint(6) NOT NULL AUTO_INCREMENT,
  `Newspaper` varchar(100) NOT NULL,
  PRIMARY KEY (`Newspaper_ID`)
) ENGINE=InnoDB AUTO_INCREMENT=3188 DEFAULT CHARSET=latin1;
/*!40101 SET character_set_client = @saved_cs_client */;

--
-- Dumping data for table `newspapers`
--

LOCK TABLES `newspapers` WRITE;
/*!40000 ALTER TABLE `newspapers` DISABLE KEYS */;
INSERT INTO `newspapers` VALUES (1,'Aberdeen American News (SD)'),(2,'Abilene Reporter-News (TX)'),(3,'Abingdon Argus (IL)'),(4,'Active Dayton (OH)'),(5,'Addison County Independent (VT)'),(6,'Advance Monticellonian (AR)'),(7,'Advertiser (OH)'),(8,'Advertiser Democrat (ME)'),(9,'Advertiser-Gleam (AL)'),(10,'Advocate (CT)'),(11,'Advocate/Democrat (TN)'),(12,'Advocate-Tribune (MN)'),(13,'Afro-American (MD)'),(14,'AgJournalOnline (CO)'),(15,'Ahwatukee Foothills News (AZ)'),(16,'Aiken Standard (SC)'),(17,'Aitkin Independent Age (MN)'),(18,'Ajo Copper News (AZ)'),(19,'Akron Beacon Journal (OH)'),(20,'Alabama Messenger (AL)'),(21,'Alameda Times-Star (CA)'),(22,'Alamogordo Daily News (NM)'),(23,'Alaska Journal of Commerce (AK)'),(24,'Alaska Star (AK)'),(25,'Albany Democrat-Herald (OR)'),(26,'Albany Enterprise (MN)'),(27,'Albany Times Union (NY)'),(28,'Albert Lea Tribune (MN)'),(29,'Albia Union-Republican (IA)'),(30,'Albuquerque Journal (NM)'),(31,'Alcester-Hudson News (SD)'),(32,'Alexander City Outlook (AL)'),(33,'Alexandria Daily Town Talk (LA)'),(34,'Alexandria Journal (VA)'),(35,'Allentown Times (PA)'),(36,'Alma Journal (AR)'),(37,'Alpena News (MI)'),(38,'Alpine Avalanche (TX)'),(39,'Alpine Observer (TX)'),(40,'Altus Times (OK)'),(41,'Amarillo Daily News/Amarillo Globe Times (TX)'),(42,'Amboy News (IL)'),(43,'Americus Times Recorder (GA)'),(44,'Ames Tribune (IA)'),(45,'Amesbury News (MA)'),(46,'Amigo Newspaper (AR)'),(47,'Amity Observer (CT)'),(48,'Anacortes American (WA)'),(49,'Anchorage Daily News (AK)'),(50,'Anchorage Press (AK)'),(51,'Andalusia Star-News (AL)'),(52,'Anderson Herald Bulletin (IN)'),(53,'Anderson Independent-Mail (SC)'),(54,'Andover Townsman (MA)'),(55,'Angleton Times (TX)'),(56,'Annandale Advocate (MN)'),(57,'Anniston Star (AL)'),(58,'Anoka County Union (MN)'),(59,'Antelope Valley Press (CA)'),(60,'Antigo Daily Journal (WI) '),(61,'Antrim County News (MI)'),(62,'Apache Junction News (AZ)'),(63,'Apalachicola Times (FL)'),(64,'Arab Today (AL)'),(65,'Arab Tribune (AL)'),(66,'Arapahoe Public Mirror (NE)'),(67,'Arbiter Online (ID)'),(68,'Arctic Sounder (AK)'),(69,'Area Wide News (AR)'),(70,'Argus Leader (SD)'),(71,'Argus Observer (OR)'),(72,'Arizona Business Gazette'),(73,'Arizona Capitol Times (AZ)'),(74,'Arizona City Independent (AZ)'),(75,'Arizona Daily Star (AZ)'),(76,'Arizona Daily Sun (AZ)'),(77,'Arizona Range News (AZ)'),(78,'Arizona Republic (AZ)'),(79,'Arizona Silver Belt (AZ)'),(80,'Ark Valley News (KS)'),(81,'Arkansas Business (AR)'),(82,'Arkansas Democrat-Gazette (AR)'),(83,'Arkansas Times (AR)'),(84,'Arkansas Weekly (AR)'),(85,'Arlington Heights Journal (IL)'),(86,'Arlington Heights Post (IL)'),(87,'Arlington Morning News (TX)'),(88,'Arthur Enterprise (NE)'),(89,'Arvada Press (CO)'),(90,'Asbury Park Press (NJ)'),(91,'Ashley County Ledger (AR)'),(92,'Ashley News Observer (AR)'),(93,'Ashtabula Star-Beacon (OH)'),(94,'Ashton Gazette (IL)'),(95,'Aspen Daily News (CO)'),(96,'Aspen Times (CO)'),(97,'Atchison Daily Globe (KS)'),(98,'Athens Daily News-Banner-Herald (GA)'),(99,'Athens Daily Review (TX)'),(100,'Athens News Courier (AL)'),(101,'Athol Daily News (MA)'),(102,'Atkins Chronicle (AR)'),(103,'Atlanta Business Chronicle (GA)'),(104,'Atlanta Daily World (GA)'),(105,'Atlanta Journal-Constitution (GA)'),(106,'Atlantic Herald (NJ)'),(107,'Atmore Advance (AL)'),(108,'Auburn Journal (CA)'),(109,'Auburn Plainsman (AL)'),(110,'Augusta Daily Gazette (KS)'),(111,'Aurora News-Register (NE)'),(112,'Aurora Sentinel (CO)'),(113,'Austin Business Journal (TX)'),(114,'Austin Chronicle (TX)'),(115,'Austin Daily Herald (MN)'),(116,'Avon Sentinel (IL)'),(117,'AZCentral (AZ)'),(118,'Azle News (TX)'),(119,'BA Express (OK)'),(120,'Bainbridge Banter (OH)'),(121,'Bainbridge Island Review (WA)'),(122,'BajoElSol.com (AZ)'),(123,'Baldwin City Signal (KS)'),(124,'Baldwin Herald (NY)'),(125,'Ball State Daily News (IN)'),(126,'Baltimore Business Journal (MD)'),(127,'Baltimore City Paper (MD)'),(128,'Baltimore Times (MD)'),(129,'Bandera Review (TX)'),(130,'Bangor Daily News (ME)'),(131,'Banner-Graphic (IN)'),(132,'Banner-News (AR)'),(133,'Bar Harbor Times (ME)'),(134,'Baraboo News-Republic (WI)'),(135,'Barnstable Patriot (MA)'),(136,'Barrington Times (RI)'),(137,'Barron News-Shield (WI)'),(138,'Bartlesville Examiner-Enterprise (OK)'),(139,'Barton Chronicle (VT)'),(140,'Basta Pinoy(FL)'),(141,'Bastrop Daily Enterprise (LA)'),(142,'Batesville Guard (AR)'),(143,'Baxter Bulletin (AR)'),(144,'Bay City Times (MI)'),(145,'Bayou Business (LA)'),(146,'Beacon Hill Times (MA)'),(147,'Beatrice Daily Sun (NE)'),(148,'Beaumont Enterprise (TX)'),(149,'Beauregard Daily News (LA)'),(150,'Beaver County Times (PA)'),(151,'Beebe News (AR)'),(152,'Beeville Bee-Picayune (TX)'),(153,'Belle Fourche Post & Bee (SD)'),(154,'Belle Plaine Union (IA)'),(155,'Belleville Enterprise (MI)'),(156,'Belleville News-Democrat (IL)'),(157,'Bellmore Herald (NY)'),(158,'Beloit Daily News (WI)'),(159,'Belvidere Daily Republican (IL)'),(160,'Bennington Banner (VT)'),(161,'Bent County Democrat (CO)'),(162,'Benton County Daily Record (AR)'),(163,'Benton Evening News (IL)'),(164,'Berkshires Week (MA)'),(165,'Berlin Citizen (CT)'),(166,'Berthoud Recorder (CO)'),(167,'Beulah Beacon (ND)'),(168,'Beverly Citizen (MA)'),(169,'Big Bear Grizzly (CA)'),(170,'Big Bug News (AZ)'),(171,'Big Fork Eagle (MT)'),(172,'Billerica News (MA)'),(173,'Billings Gazette (MT)'),(174,'Birmingham News (AL)'),(175,'Birmingham Times (AL) '),(176,'Birmingham Weekly (AL)'),(177,'Birmingham/Bloomfield Eccentric (MI)'),(178,'Bisbee Observer (AZ)'),(179,'Black and White (AL)'),(180,'Black Hills Pioneer (SD)'),(181,'Blaine Life (MN)'),(182,'Bland County Messenger (VA)'),(183,'Bloomberg Business News (NJ)'),(184,'Bloomer Advance (WI)'),(185,'Bloomington Independent (IN)'),(186,'Blount Countian (AL)'),(187,'Blue Ridge Business Journal (VA)'),(188,'Bluefield Daily Telegraph (WV)'),(189,'Blytheville Courier News (AR)'),(190,'Boca Beacon (FL)'),(191,'Boca Raton News (FL)'),(192,'Boise Weekly (ID)'),(193,'Bolingbrook Sun (IL)'),(194,'Bolivar Herald-Free Press (MO)'),(195,'Bonita Daily News (FL)'),(196,'Booneville Democrat (AR)'),(197,'Boonville Daily News (MO)'),(198,'Boothbay Register (ME)'),(199,'Bossier Press-Tribune (LA)'),(200,'Boston Business Journal (MA)'),(201,'Boston Herald (MA)'),(202,'Boston Online (MA)'),(203,'Boulder City News (NV)'),(204,'Boulder Co Business Report (CO)'),(205,'Boulder Weekly (CO)'),(206,'Box Elder News Journal (UT)'),(207,'Bozeman Daily Chronicle (MT)'),(208,'Bradenton Herald (FL)'),(209,'Bradford County Telegraph (FL)'),(210,'Branford Zip06 (CT)'),(211,'Branson Tri-Lakes Daily News (MO)'),(212,'Brattleboro Reformer (VT)'),(213,'Braxton Citizens\' News (WV)'),(214,'Brentwood News (CA)'),(215,'Brewton Standard (AL)'),(216,'Bridgeport News (CT)'),(217,'Bridgeville Star (PA)'),(218,'Bristol Bay Times (AK)'),(219,'Bristol Herald Courier (VA)'),(220,'Bristol Observer (CT)'),(221,'Bristol Phoenix (RI)'),(222,'Bristol Press (CT)'),(223,'Brookfield News (WI)'),(224,'Brookings Register (SD)'),(225,'Brookline Tab (MA)'),(226,'Broomfield Enterprise (CO)'),(227,'Brown County Democrat (IN)'),(228,'Brown Daily Herald (RI)'),(229,'Brown Deer Herald (WI)'),(230,'Brownfield News (TX)'),(231,'Brownwood Bulletin (TX)'),(232,'Brush News Tribune (CO)'),(233,'Bryan-College Station Eagle (TX)'),(234,'Bryant Daily (AR)'),(235,'Bucks County Courier Times (PA)'),(236,'Bullard Weekly News (TX)'),(237,'Bulletin Online (TX)'),(238,'Bullhead City Bee (AZ)'),(239,'Burbank Leader (CA)'),(240,'Bureau County Republican (IL)'),(241,'Burlington County Times (NJ)'),(242,'Burlington Hawk Eye (IA)'),(243,'Burlington Record (CO)'),(244,'Burnett County Sentinel (WI)'),(245,'Burwell Tribune (NE)'),(246,'Business Examiner (WA)'),(247,'Business Farmer (WY)'),(248,'Business First of Buffalo (NY)'),(249,'Business First of Columbus (OH)'),(250,'Business First of Louisville (KY)'),(251,'Business Journal (AL)'),(252,'Business Journal (CO)'),(253,'Business Journal (SC)'),(254,'Business Journal (TN)'),(255,'Business Journal of Charlotte (NC)'),(256,'Business Journal of Portland (OR)'),(257,'Business Journal of Triad (NC)'),(258,'Business News (CO)'),(259,'Business News (LA)'),(260,'Business News NJ'),(261,'Business News Now (FL)'),(262,'Business People Vermont (VT)'),(263,'Business Report (LA)'),(264,'Business Travel News (NY)'),(265,'Business Update (MI)'),(266,'Butler Eagle (PA)'),(267,'Butte County Valley Irrigator (SD)'),(268,'Butterfield Advocate (MN)'),(269,'Cabot Star-Herald (AR)'),(270,'Cadillac News (MI)'),(271,'Calaveras on the WWW (CA)'),(272,'Calhoun Community Press (AL)'),(273,'Calhoun Times (GA)'),(274,'California Newspaper Publishers Association (CA)'),(275,'Call News (AL)'),(276,'Camas-Washougal Post-Record (WA)'),(277,'Cambridge Chronicle (MA)'),(278,'Camden Community News (MN)'),(279,'Camden Hearld (ME)'),(280,'Camden News (AR)'),(281,'Cameron Herald (TX)'),(282,'Camp Verde Bugle (AZ)'),(283,'Camp Verde Journal (AZ)'),(284,'Campbell Reporter (CA)'),(285,'Canal Traveller (OH)'),(286,'Cannon Beach Gazette (OR) '),(287,'Cannon Falls Beacon (MN)'),(288,'Canton Eagle (MI)'),(289,'Canton Observer (MI)'),(290,'Canyon Country Zephyr (UT)'),(291,'Canyon Courier (CO)'),(292,'Cape Cod Online (MA)'),(293,'Cape Cod Times (MA)'),(294,'Cape Cod Today (MA)'),(295,'Cape Coral Daily Breeze (FL)'),(296,'Cape Gazette (DE)'),(297,'Cape Gazette (DE)'),(298,'Cape May County Herald(NJ)'),(299,'Capital City Weekly (AK)'),(300,'Capital District Business Review (NY)'),(301,'Capital Journal (SD)'),(302,'Capitol Weekly (ME)'),(303,'Carlisle Independent (AR)'),(304,'Carlsbad Current-Argus (NM)'),(305,'Carmel Pine Cone (CA)'),(306,'Carmi Times (IL)'),(307,'Carnarsie Courier (NY)'),(308,'Carolina Morning News (SC)'),(309,'Carroll County Newspapers (AR)'),(310,'Carroll County Times (MD)'),(311,'Carteret News-Times (NC)'),(312,'Casa Grande Dispatch (AZ)'),(313,'Cascade Business News (OR)'),(314,'Casco Bay Weekly (ME)'),(315,'Cash-Book Journal (MO)'),(316,'Casper Star Tribune (WY)'),(317,'Cassville Democrat (MO)'),(318,'Catholic Globe (IA)'),(319,'Catoosa News (GA)'),(320,'Cecil Whig (MD)'),(321,'Cedar Creek Pilot (TX)'),(322,'Cedar Key Beacon (FL)'),(323,'Cedar Rapids Gazette (IA)'),(324,'Centennial Citizen (CO)'),(325,'Center Post Dispatch (CO)'),(326,'Center Republican (ND)'),(327,'Central Georgian (GA)'),(328,'Central Kitsap Reporter (WA)'),(329,'Central Ky News-Journal (KY)'),(330,'Central Virginian News (VA)'),(331,'Centre Daily Times (PA)'),(332,'Chaffee County Times (CO)'),(333,'Chagrin Valley Times (OH)'),(334,'Challis Messenger (ID)'),(335,'Chanhassen Villager (MN)'),(336,'Chanute Tribune (KS)'),(337,'Chapel Hill News (NC)'),(338,'Chariho Times (RI)'),(339,'Char-Koosta News (MT)'),(340,'Charles City Press (IA)'),(341,'Charleston City Paper (SC)'),(342,'Charleston County Daily Times-Courier (IL)'),(343,'Charleston Daily Mail (WV)'),(344,'Charlotte Post (NC)'),(345,'Charlotte Sun Herald (FL)'),(346,'Chaska Herald (MN)'),(347,'Chatfield News (MN)'),(348,'Chatham Journal (NC)'),(349,'Cheboygan Daily Tribune (MI)'),(350,'Chelsea Independent (MA)'),(351,'Cherokee County Herald (AL)'),(352,'Cherokee Observer (OK)'),(353,'Cheshire Herald (CT)'),(354,'Chester County Press (PA)'),(355,'Chester Sun Times (IL)'),(356,'Chesterton Tribune (IN)'),(357,'Cheyenne Network (WY)'),(358,'Cheyenne\'s Wyoming HQ (WY)'),(359,'Chicago Reader (IL)'),(360,'Chicago Sun-Times (IL)'),(361,'Chicago Tribune (IL)'),(362,'Chickasha Daily Express (OK)'),(363,'Chico Examiner (CA)'),(364,'Chilkat Valley News (AK)'),(365,'Chino Valley Review (AZ)'),(366,'Chino Valley Review (AZ) '),(367,'Chinook Observer (WA)'),(368,'Chippewa Herald (WI)'),(369,'Choctaw Sun (AL)'),(370,'Choteau Acantha (MT)'),(371,'Chronicle (CT)'),(372,'Chronicle Independent (SC)'),(373,'Chonicle News (CO)'),(374,'Chronicle Online (NC)'),(375,'Chronicle (NJ)'),(376,'Chronicle-Herald (MO)'),(377,'Chronicle-Telegram (OH)'),(378,'Cincinnati Business Courier (OH)'),(379,'Cincinnati City Beat (OH)'),(380,'Cincinnati Enquirer (OH)'),(381,'Citizen (NY)'),(382,'Citizen Standard (PA)'),(383,'Citizen Telegram (CO)'),(384,'Citizen Tribune (TN)'),(385,'Citrus County Chronicle (FL)'),(386,'City Business (LA)'),(387,'City Pages (MN)'),(388,'CityPaper (Philadelphia)'),(389,'City Weekly (UT)'),(390,'CITYSunTimes (AZ)'),(391,'Clanton Advertiser (AL)'),(392,'Clarion News (PA)'),(393,'Clarke County Democrat (AL)'),(394,'Clarkston Eccentric (MI)'),(395,'Clatskanie Chief (OR)'),(396,'Clay Center Dispatch (KS)'),(397,'Clay County Times Democrat (AR)'),(398,'Clay County Times Democrat (AR)'),(399,'Clayton News-Star (NC)'),(400,'Clayton Tribune (GA)'),(401,'Clear Lake Mirror Reporter (IA)'),(402,'Clearwater Tribune (ID)'),(403,'Cleburne News (AL)'),(404,'Cleburne Times-Review (TX)'),(405,'Cleveland American (OK)'),(406,'Cleveland County Herald (AR)'),(407,'Cleveland Daily Banner (TN)'),(408,'Cleveland Free Times (OH)'),(409,'Clifton Record Online (TX)'),(410,'Clinch Valley News (VA)'),(411,'Clinton Daily Journal (IL)'),(412,'Clinton Herald (IA)'),(413,'Cloquet Journal (MN)'),(414,'Clovis Independent (CA)'),(415,'Clovis News Journal (NM)'),(416,'Coalfield Progress (VA)'),(417,'Coalinga\'s Own (CA)'),(418,'Coast Weekly (CA)'),(419,'Coastal Bend Winter Texans (TX)'),(420,'Coastal View News (CA)'),(421,'Cobb Online (GA)'),(422,'Cody Enterprise (WY)'),(423,'Coeur d\'Alene Press (ID)'),(424,'Coffee County News (GA)'),(425,'Colorado Daily (CO)'),(426,'Colorado Hometown Weekly (CO)'),(427,'Colorado Hometown Weekly (CO)'),(428,'Colorado Hometown Weekly (CO)'),(429,'Colorado Hometown Weekly (CO)'),(430,'Colorado News Agency (CO)'),(431,'Coloradoan (CO)'),(432,'Columbia Daily Tribune (MO)'),(433,'Columbia Missourian (MO)'),(434,'Columbia Star (SC)'),(435,'Columbia Today (CT)'),(436,'Columbine Courier (CO)'),(437,'Columbus Alive (OH)'),(438,'Columbus Dispatch (OH)'),(439,'Columbus Ledger-Enquirer (GA)'),(440,'Columbus Telegram (NE)'),(441,'Columbus Times (GA)'),(442,'Colville Statesman-Examiner (WA)'),(443,'Commercial Record (CT)'),(444,'Commercial Recorder (TX)'),(445,'Commercial-News (IL)'),(446,'Community Advocate (MA)'),(447,'Community News (DE)'),(448,'Community Times (MD)'),(449,'Community Trader (NY)'),(450,'Concord Journal (MA)'),(451,'Concord Monitor (NH)'),(452,'Connecticut LIFE (CT)'),(453,'Connecticut Post (CT)'),(454,'Connersville News-Examiner (IN)'),(455,'Constitution-Tribune (MO)'),(456,'Contra Costa Times (CA)'),(457,'Cook County News Herald (MN)'),(458,'Cook County Star (MN)'),(459,'Coolidge Examiner (AZ)'),(460,'Coon Rapids Herald (MN)'),(461,'CoopersTown Crier (NY)'),(462,'Coppell Gazette (TX)'),(463,'Coral Gables Gazette (FL)'),(464,'Coraopolis Record (PA)'),(465,'Corbin News-Journal (KY)'),(466,'Corbin Times-Tribune (KY)'),(467,'Cordele Dispatch (GA)'),(468,'Cordell Beacon (OK)'),(469,'Cordova Times (AK)'),(470,'Coronado Eagle (CA)'),(471,'Corpus Christi Caller-Times (TX)'),(472,'Corridor News (CA)'),(473,'Corsicana Daily Sun (TX)'),(474,'Cortez Journal (CO)'),(475,'Corvallis Gazette-Times (OR)'),(476,'Cottage Grove Sentinel (OR)'),(477,'Cottonwood County Citizen (MN)'),(478,'Cottonwood Journal Extra (AZ)'),(479,'Country Times (CO)'),(480,'Country Today (WI)'),(481,'County Bulletin (MN)'),(482,'County News (MN)'),(483,'Courier (AR)'),(484,'Courier Journal (AL)'),(485,'Courier-Gazette (TX)'),(486,'Courier-Post (NJ)'),(487,'Courier-Review (IL)'),(488,'Courier-Tribune (NC)'),(489,'Coventry Courier  (RI)'),(490,'Coventry Today (CT)'),(491,'Craig Daily Press (CO)'),(492,'Crain\'s Chicago Business (IL)'),(493,'Crain\'s Cleveland Business (OH)'),(494,'Crain\'s Detroit Business (MI)'),(495,'Crain\'s New York Business (NY)'),(496,'Cranberry Journal (PA)'),(497,'Crane Chronicle / Stone County Republican (MO)'),(498,'Crawford County Avalanche (MI)'),(499,'Creative Loafing (NC)'),(500,'Crested Butte News (CO)'),(501,'Crestline Courier-News (CA)'),(502,'Crestview News Leader (FL)'),(503,'Crookston Daily Times (MN)'),(504,'Crossville Chronicle (TN)'),(505,'Crown Point Star (IN)'),(506,'Cuba Free Press (MO)'),(507,'Cudahy Reminder-Enterprise (WI)'),(508,'Cullman Times (AL)'),(509,'CullmanSense (AL)'),(510,'Culpeper News (VA)'),(511,'Culpeper Star-Exponent (VA)'),(512,'Culturadoor (AZ)'),(513,'Culver City News (CA)'),(514,'Cumberland Advocate (WI)'),(515,'Cumberland Times-News (MD)'),(516,'Cupertino Courier (CA)'),(517,'Curry Coastal Pilot (OR)'),(518,'Curry County Reporter (OR)'),(519,'Custer County Chief (NE)'),(520,'Dade County Sentinel (GA)'),(521,'Daily American Republic (MO)'),(522,'Daily Breeze (CA)'),(523,'Daily Camera (CO)'),(524,'Daily Citizen (AR)'),(525,'Daily Citizen (WI)'),(526,'Daily Citizen-News (GA)'),(527,'Daily Comet (LA)'),(528,'Daily Commercial Record (TX)'),(529,'Daily Courier (AZ)'),(530,'Daily Courier (PA)'),(531,'Daily Democrat (CA)'),(532,'Daily Democrat (IA)'),(533,'Daily Evening Item (MA)'),(534,'Daily Gate City (IA)'),(535,'Daily Globe (MN)'),(536,'Daily Guide (MO)'),(537,'Daily Hampshire Gazette (MA)'),(538,'Daily Herald (IL)'),(539,'Daily Herald (NC)'),(540,'Daily Herald (TN)'),(541,'Daily Home (AL)'),(542,'Daily Index (WA)'),(543,'Daily Iowegian (IA)'),(544,'Daily Journal (MN)'),(545,'Daily Journal (MO)'),(546,'Daily Journal (UT)'),(547,'Daily Journal of Johnson County (IN)'),(548,'Daily Leader (AR)'),(549,'Daily Leader (MS)'),(550,'Daily Lobo (NM)'),(551,'Daily Local News (PA)'),(552,'Daily Messenger (SC)'),(553,'Daily Mining Gazette (MI)'),(554,'Daily Mountain Eagle (AL)'),(555,'Daily Nebraskan Online (NE)'),(556,'Daily News (CA)'),(557,'Daily News (CA)'),(558,'Daily News (LA)'),(559,'Daily News (MI)'),(560,'Daily News (NY)'),(561,'Daily News (PA)'),(562,'Daily News (WI)'),(563,'Daily News Record (VA)'),(564,'Daily News-Bulletin (MO)'),(565,'Daily News-Tribune (WV)'),(566,'Daily Northwestern (IL)'),(567,'Daily Pilot (CA)'),(568,'Daily Press (MI)'),(569,'Daily Press (VA)'),(570,'Daily Record (AR)'),(571,'Daily Record (CO)'),(572,'Daily Record (NJ)'),(573,'Daily Record (WA)'),(574,'Daily Register (WI)'),(575,'Daily Reporter-Herald (CO)'),(576,'Daily Republican Register (IL)'),(577,'Daily Review (PA)'),(578,'Daily Review Atlas (IL)'),(579,'Daily Sentinel (AL)'),(580,'Daily Sentinel (CO)'),(581,'Daily Sentinel (NY)'),(582,'Daily Siftings Herald (AR)'),(583,'Daily Sitka Sentinel (AK)'),(584,'Daily Southtown (IL)'),(585,'Daily Statesman (MO)'),(586,'Daily Sun (FL)'),(587,'Daily Sun News (AZ)'),(588,'Daily Sun News (WA)'),(589,'Daily Telegram (MI)'),(590,'Daily Times Leader (MS)'),(591,'Daily Times-Call (CO)'),(592,'Daily Tribune (MI)'),(593,'Daily Tribune (WI)'),(594,'Daily Variety (CA)'),(595,'Daily World (AR)'),(596,'Daily World (WA)'),(597,'Dallas Business Journal (TX)'),(598,'Dallas Observer (TX)'),(599,'Dalles Chronicle (OR)'),(600,'Danbury News-Times (CT)'),(601,'Dan\'s Papers (NY)'),(602,'Danvers Herald (MA)'),(603,'Danville Register & Bee News (VA)'),(604,'Darien Hamlet Hub (CT)'),(605,'Darien News-Review (CT)'),(606,'Darien Times (CT)'),(607,'Dartmouth Online (NH)'),(608,'Davenport Leader (IA)'),(609,'Davenport Quad-City Times (IA)'),(610,'Davis County Clipper (UT)'),(611,'Dawg Net (IN)'),(612,'Dawson Advertiser (GA)'),(613,'Dayton Daily News (OH)'),(614,'DC Spotlight'),(615,'Dearborn Press & Guide (MI)'),(616,'Decatur Daily (AL)'),(617,'Deerfield Review (IL)'),(618,'Deerfield Valley News (VT)'),(619,'Delano Eagle (MN)'),(620,'Delaware Coast Press (DE)'),(621,'Delaware County Daily Times (PA)'),(622,'Delaware State News (DE)'),(623,'Delta County Independent (CO)'),(624,'Delta Democrat Times (MS)'),(625,'Delta Discovery (AK)'),(626,'Delta News Web (AK)'),(627,'Delta Wind (AK)'),(628,'Deming Headlight (NM)'),(629,'Democrat and Chronicle (NY)'),(630,'Democrat Reporter (AL)'),(631,'Democrat Tribune (AR)'),(632,'Democrat Tribune (AR)'),(633,'Democrat-Missourian (MO)'),(634,'Demopolis Times (AL)'),(635,'Denton Record-Chronicle (TX)'),(636,'Denver Business Journal (CO)'),(637,'Denver Post (CO)'),(638,'Des Moines Catholic Mirror (IA)'),(639,'Des Moines Register (IA)'),(640,'Des Moines Today (IA)'),(641,'Des Plaines Times (IL)'),(642,'Deseret News (UT)'),(643,'DeSoto County Tribune (MS)'),(644,'Desoto Explorer (KS)'),(645,'DeSoto Times Today (MS)'),(646,'Destin Log (FL)'),(647,'Detroit Free Press (MI)'),(648,'Detroit Lakes Tribune (MN)'),(649,'Devils Lake Daily Journal (ND)'),(650,'DeWitt Era-Enterprise (AR)'),(651,'Dexter Leader (MI)'),(652,'Diamondback (MD)'),(653,'Dispatch-News (SC)'),(654,'Dodge City Daily Globe (KS)'),(655,'Dominion Post (WV)'),(656,'Door County Advocate (WI)'),(657,'Dorchester Reporter (MA)'),(658,'Dothan Eagle (AL)'),(659,'Douglas Budget (WY)'),(660,'Douglas Co News Press (CO)'),(661,'Douglas Dispatch (AZ)'),(662,'Dover Post (DE)'),(663,'Dover Times (AR)'),(664,'Dowagiac Daily News (MI)'),(665,'Downs News & Times (KS)'),(666,'Downtown Planet (HI)'),(667,'Dubuque Telegraph Herald (IA)'),(668,'Duluth Budgeteer News (MN)'),(669,'Duluth News-Tribune (MN)'),(670,'Duluth Shipping News (MN)'),(671,'Dundalk Eagle (MD)'),(672,'Dunn County News (WI)'),(673,'Dunn Daily Record (NC)'),(674,'Dunwoody Crier (GA)'),(675,'Durango Herald (CO)'),(676,'Durango Telegraph (CO)'),(677,'Durant Daily Democrat (OK)'),(678,'Dutch Harbor Fisherman (AK)'),(679,'Duxbury Clipper (MA)'),(680,'Eagle Valley Enterprise (CO)'),(681,'EagleHerald (WI)'),(682,'Eagle-Tribune (MA)'),(683,'East Baltimore Guide (MD)'),(684,'East Bay Business Times (CA)'),(685,'East Bay Express (CA)'),(686,'East Greenwich Pendulum (RI)'),(687,'East Hampton Star (NY)'),(688,'East Oregonian (OR)'),(689,'East Troy News (WI)'),(690,'East Valley Tribune (AZ)'),(691,'East Valley Tribune (AZ)'),(692,'Eastern Arizona Courier (AZ)'),(693,'Easton Courier (CT)'),(694,'Eastside Journal (WA)'),(695,'Echo Press (MN)'),(696,'ECM Post Review (MN)'),(697,'Eden Prairie News (MN)'),(698,'Edinburgh Courier (IN)'),(699,'Editor & Publisher (NY)'),(700,'El Canillita (CT)'),(701,'El Defensor Chieftain (NM)'),(702,'El Dorado News-Times (AR)'),(703,'El Nuevo Herald (FL)'),(704,'El Observador (CA)'),(705,'El Paso Internet Courier (TX)'),(706,'El Paso Times (TX)'),(707,'El Reno Tribune (OK)'),(708,'El Sol News (CT)'),(709,'El Tiempo Hispano (DE)'),(710,'Elizabethton Star (TN)'),(711,'Elk Grove Citizen (CA)'),(712,'Elk Grove Times (IL)'),(713,'Elk River Star News (MN)'),(714,'Elkhart Ttruth (IN)'),(715,'Elkhorn Independent (WI)'),(716,'Elko Daily Free Press (NV)'),(717,'Ellis County Press (TX)'),(718,'Ellsworth Weekly (ME)'),(719,'Ellwood City Ledger (PA)'),(720,'Elm Grove Elm Leaves (WI)'),(721,'Eloy Enterprise (AZ)'),(722,'Ely Daily Times (NV)'),(723,'Ely Echo (MN)'),(724,'Emery County Progress (UT)'),(725,'Emmitsburg Dispatch (MD)'),(726,'Emporia Gazette (KS)'),(727,'eNewsHawaii (HI)'),(728,'Englewood Sun Herald (FL)'),(729,'Enid News & Eagle (OK)'),(730,'Enterprise Dispatch (MN)'),(731,'Enterprise Ledger (AL)'),(732,'Enterprise Mountaineer (NC)'),(733,'Enterprise-Journal (MS)'),(734,'Entiat Valley Explorer (WA)'),(735,'Enumclaw Courier-Herald (WA)'),(736,'Erie Daily Times/Morning News (PA)'),(737,'Ester Republic (AK)'),(738,'Estes Park Trail-Gazette (CO)'),(739,'Eudora News (KS)'),(740,'Eufaula Tribune (AL)'),(741,'Eugene Weekly (OR)'),(742,'Eureka Herald (KS)'),(743,'Evanston Review (IL)'),(744,'Evansville Courier and Press (IN)'),(745,'Evening Times (AR)'),(746,'Everett Independent (MA)'),(747,'Everglades Echo (FL)'),(748,'Exeter Newsletter (NH)'),(749,'Explorer Newspapers (AZ)'),(750,'Fairbanks Daily News-Miner (AK)'),(751,'Fairfax Journal (VA)'),(752,'Fairfield Bay News (AR)'),(753,'Fairfield Citizen-News (CT)'),(754,'Fairfield County Weekly (CT)'),(755,'Fairfield Daily Ledger (IA)'),(756,'Fairfield Echo (OH)'),(757,'Fairfield Hamlet Hub (CT)'),(758,'Fairfield Minuteman (CT)'),(759,'Falls Church News-Press (VA)'),(760,'Faribault County Register (MN)'),(761,'Faribault Daily News (MN)'),(762,'Farm & Ranch Guide (ND)'),(763,'Farm Forum Online (SD)'),(764,'Farmer and Miner (CO)'),(765,'Farmers Press (ND)'),(766,'Farmingdale Observer (NY)'),(767,'Farmington Observer (MI)'),(768,'Fauquier Citizen (VA)'),(769,'Fauquier Times-Democrat (VA)'),(770,'Fayette County Review (TN)'),(771,'Fayetteville Free Weekly (AR)'),(772,'Fayetteville Observer-Times (NC)'),(773,'Feather River Canyon News (CA)'),(774,'Federal Hill Gazette (RI)'),(775,'Federal Way Mirror (WA)'),(776,'Fennimore Times (WI)'),(777,'Finance and Commerce (MN)'),(778,'Financial Times (NY)'),(779,'Finger Lakes Times (NY)'),(780,'Flint Journal (MI)'),(781,'Floral Park Dispatch (NY)'),(782,'Florida Keys Keynoter (FL)'),(783,'Florida Press Association (FL)'),(784,'Florida Times-Union (FL)'),(785,'Florida Today (FL)'),(786,'Floyd County Times (KY)'),(787,'Floyd Press (VA)'),(788,'Focus News (MN'),(789,'Focus on the News (TX)'),(790,'Folio Weekly (FL)'),(791,'Folsom Telegraph (CA)'),(792,'Fontana Herald News (CA)'),(793,'Foothill Leader (CA)'),(794,'Forest City News (PA)'),(795,'Forest Lake Times (MN)'),(796,'Forest Leaves (IL)'),(797,'Fort Bragg Advocate-News (CA)'),(798,'Fort Dodge Messenger (IA)'),(799,'Fort Gibson Times (OK)'),(800,'Fort Lupton Express (CO)'),(801,'Fort Madison Daily Democrat (IA)'),(802,'Fort Morgan Times (CO)'),(803,'Fort Payne Times-Journal (AL)'),(804,'Fort Pierce News (FL)'),(805,'Fort Worth Business Press (TX)'),(806,'Fort Worth Star-Telegram (TX)'),(807,'Fort Worth Weekly (TX)'),(808,'Forward (NY)'),(809,'Forward Times (TX)'),(810,'Foster\'s Daily Democrat (NH)'),(811,'Fountain Hills Times (AZ)'),(812,'Fowler Tribune (CO)'),(813,'Fox Point/Bayside/River Hills Herald (WI)'),(814,'Fox Valley Press (IL)'),(815,'Foxboro Reporter (MA)'),(816,'Frankfort Times (IN)'),(817,'Franklin County Times (AL)'),(818,'Franklin Favorite (KY)'),(819,'Franklin Hub (WI)'),(820,'Franklin Park Herald-Journal (IL)'),(821,'Franklin Review Appeal (TN)'),(822,'Frazee Forum (MN)'),(823,'Fredericksburg Standard (TX)'),(824,'Free Press (CO)'),(825,'Free Times (SC)'),(826,'Freeman Courier (SD)'),(827,'Fremont Tribune (NE)'),(828,'Fresno Republican (CA)'),(829,'Frisco Enterprise (TX)'),(830,'Frontiersman (AK)'),(831,'FSView & The Florida Flambeau (FL)'),(832,'Fulda Free Press (MN)'),(833,'Fulton Daily News (NY)'),(834,'Gadsden Messenger (AL)'),(835,'Gadsden Times (AL)'),(836,'Gainesville Daily Register (TX)'),(837,'Galesville Republican (WI)'),(838,'Gallipolis Daily Tribune (OH)'),(839,'Gallup Independent (NM)'),(840,'Gaming Today (NV)'),(841,'Garden City Life (NY)'),(842,'Garden City News (NY)'),(843,'Garden City Observer (MI)'),(844,'Gateway News (CO)'),(845,'Gaylord Herald Times (MI)'),(846,'Gazette (CO)'),(847,'Gazette (CT)'),(848,'Gazette Leader (NJ)'),(849,'Gazette Newpapers (CA)'),(850,'Gazette Newspapers (MD)'),(851,'Gazette-Democrat (IL)'),(852,'Genesee Country Express (NY)'),(853,'Georgetown News Democrat (OH)'),(854,'Georgetown News Graphic (KY)'),(855,'Georgetown Record (MA)'),(856,'Georgia Press Association (GA)'),(857,'Germantown Banner-Press (WI)'),(858,'Germantown News (TN)'),(859,'Gilmer Mirror (TX)'),(860,'Gladstone Sun-News (MO)'),(861,'Gladwin County Record (MI)'),(862,'Glasgow Daily Times (KY)'),(863,'Glastonbury Citizen (CT)'),(864,'Glen Cove Record-Pilot (NY)'),(865,'Glen News (IL)'),(866,'Glencoe News (IL)'),(867,'Glendale Herald (WI)'),(868,'Glendale News-Press (CA)'),(869,'Glendale Star (AZ)'),(870,'Glennville Sentinel (GA)'),(871,'Glenwood Net (IA)'),(872,'Globe-Gazette (IA)'),(873,'Gloucester Times (MA)'),(874,'Goldsboro News-Argus (NC)'),(875,'Goochland Gazette (VA)'),(876,'Good Times (CA)'),(877,'Gorge News (WA)'),(878,'Goshen News (IN)'),(879,'Gotham Gazette (NY)'),(880,'Grand Canyon News (AZ)'),(881,'Grand Canyon Tour Guide (AZ)'),(882,'Grand Forks Herald (ND)'),(883,'Grand Haven Tribune (MI)'),(884,'Grand Prairie Herald (AR)'),(885,'Grand Rapids Press (MI)'),(886,'Grand Traverse Herald (MI)'),(887,'Granite Bay View (CA)'),(888,'Grant County Herald (MN)'),(889,'Grant County Herald Independent (WI)'),(890,'Grant County News (KY)'),(891,'Grant County News (NE)'),(892,'Grant County Press (WV)'),(893,'Grayslake Review (IL)'),(894,'Grayson County News Gazette (KY)'),(895,'Great Bend Tribune (KS)'),(896,'Great Falls Tribune (MT)'),(897,'Great Neck Record (NY)'),(898,'Greeley Gazette (CO)'),(899,'Greeley Tribune (CO)'),(900,'Green Bay Press-Gazette (WI)'),(901,'Greendale Village Life (WI)'),(902,'Greene County Messenger (PA)'),(903,'Greene County Record (VA)'),(904,'Greenfield Observer (WI)'),(905,'Greensburg Record-Herald (KY)'),(906,'Greenville Advocate (AL)'),(907,'Greenville Advocate (IL)'),(908,'Greenville Herald-Banner (TX)'),(909,'Greenwich Citizen (CT)'),(910,'Greenwich Hamlet Hub (CT)'),(911,'Greenwich Post (CT)'),(912,'Greenwich Time (CT)'),(913,'Greenwood Commonwealth (MS)'),(914,'Greenwood Democrat (AR)'),(915,'Greenwood Lake News (NY)'),(916,'Gresham Outlook (OR)'),(917,'Griffin Daily News (GA)'),(918,'Grosse Pointe News (MI)'),(919,'Grove Sun (OK)'),(920,'Grundy County Herald (TN)'),(921,'GSA Business Journal (SC)'),(922,'Guernsey Gazette (WY)'),(923,'Gulf Herald (FL)'),(924,'Gurnee Review (IL)'),(925,'Gwinnett Daily Post (GA)'),(926,'Haleakala Times (HI)'),(927,'Hales Corners Village Hub (WI)'),(928,'Half Moon Bay Review (CA)'),(929,'Hamden Community News (CT)'),(930,'Hamden Journal (CT)'),(931,'Hamilton Advocate (MO)'),(932,'Hamilton Herald-News (TX)'),(933,'Hamilton-Wenham Chronicle (MA)'),(934,'Hamlet Hub (CT)'),(935,'Hampshire Review (WV)'),(936,'Hancock County Journal-Pilot (IL)'),(937,'Hannibal Courier-Post (MO)'),(938,'Hanover Herald-Progress (VA)'),(939,'Harbor News (CT)'),(940,'Harbor Watch (VT)'),(941,'Hardin County Independent (KY)'),(942,'Hark The Herald (UT)'),(943,'Harlan Online (IA)'),(944,'Harrison Daily Times (AR)'),(945,'Harrodsburg Herald (KY)'),(946,'Hartford Advocate (CT)'),(947,'Hartford Business Journal (CT)'),(948,'Hartford Courant (CT)'),(949,'Hartselle Enquirer (AL)'),(950,'Hastings Tribune (NE)'),(951,'Havelock News (NC)'),(952,'Hawaii Tribune-Herald (HI)'),(953,'Hawaiian Hard Drive (HI)'),(954,'HawaiiNews.com (HI)'),(955,'Haxtun-Fleming Herald (CO)'),(956,'Headlight Herald (MN)'),(957,'Headlight-Herald (OR)'),(958,'Hebron Herald (ND)'),(959,'Helena Independent Record (MT)'),(960,'Henderson Hall News (VA)'),(961,'Henderson Home News (NV)'),(962,'Hendry-Glades Sunday News (FL)'),(963,'Henry County Local (KY)'),(964,'Henry County Standard (TN)'),(965,'Herald & Review (IL)'),(966,'Herald (CT)'),(967,'Herald (OH)'),(968,'Herald and News (OR)'),(969,'Herald and Ruralite (NC)'),(970,'Herald Bulletin (IN)'),(971,'Herald Democrat (TX)'),(972,'Herald Dispatch (MN)'),(973,'Herald Journal (IN)'),(974,'Herald Leader (AR)'),(975,'Herald Ledger (KY)'),(976,'Herald News (IL)'),(977,'Herald Review (MN)'),(978,'Herald Times Reporter (WI)'),(979,'Herald-Advocate (IL)'),(980,'Herald-Citizen (TN)'),(981,'Herald-Palladium (MI)'),(982,'Herald-Spectator (IL)'),(983,'Herald-Standard (PA)'),(984,'Herald-Star (OH)'),(985,'Herald-Times (IN)'),(986,'Hernando Today (FL)'),(987,'Hibbing Daily Tribune (MN)'),(988,'Hicksville Illustrated News (NY)'),(989,'Hi-Desert Star (CA)'),(990,'High Country Independent Press (MT)'),(991,'High Country News (CO)'),(992,'High Point Enterprise (NC)'),(993,'Highland Park News (IL)'),(994,'Hillsboro Free Press (KS)'),(995,'Hillsboro Star Journal (KS)'),(996,'Hilltop Times (UT)'),(997,'Hip Fish (OR)'),(998,'Hippo Press (NH)'),(999,'Hobbs News-Sun (NM)'),(1000,'Hola! Arkansas (AR)'),(1001,'Holland Sentinel (MI)'),(1002,'Holmen Courier (WI)'),(1003,'Holton Recorder (KS)'),(1004,'Homer News (AK)'),(1005,'Homer Tribune (AK)'),(1006,'Honolulu Star Bulletin (HI)'),(1007,'Honolulu Weekly (HI)'),(1008,'Hood County News (TX)'),(1009,'Hooker County Tribune (NE)'),(1010,'Hoosier State Press Association (IN)'),(1011,'Hoosier Topics (IN)'),(1012,'Hope Star (AR)'),(1013,'Hot Springs Star (SD)'),(1014,'Houghton Lake Resorter (MI)'),(1015,'Housatonic Times (CT)'),(1016,'Houston Business Journal (TX)'),(1017,'Houston Chronicle (TX)'),(1018,'Houston County News (MN)'),(1019,'Houston Press (TX)'),(1020,'Howard Lake-Waverly Herald (MN)'),(1021,'Howe Enterprise (TX)'),(1022,'Hudson Star-Observer (WI)'),(1023,'Hudson Valley Business Journal (NY)'),(1024,'Hudson-Litchfield News (NH)'),(1025,'Hugo Daily News (OK)'),(1026,'Hugonian (MN)'),(1027,'Humboldt Independent (IA)'),(1028,'Hungry Horse News (MT)'),(1029,'Hunterdon County Democrat (NJ)'),(1030,'Huntington Beach News (CA)'),(1031,'Huntington Herald-Press (IN)'),(1032,'HuntingtonNews.Net (WV)'),(1033,'Huntsville Times (AL)'),(1034,'Huron Plainsman (SD)'),(1035,'Hutchinson Leader (MN)'),(1036,'Hyde Park Herald (IL)'),(1037,'Ida County Courier (IA)'),(1038,'Idaho Mountain Express (ID)'),(1039,'Idaho Newspaper Association (ID)'),(1040,'Idaho Press-Tribune (ID)'),(1041,'Idaho State Journal (ID)'),(1042,'Idaho Unido (ID)'),(1043,'Identidad Latina (CT)'),(1044,'Idyllwild Town Crier (CA)'),(1045,'Illinois Press Association (IL)'),(1046,'Independent (CA)'),(1047,'Independent (CO)'),(1048,'Independent (IA)'),(1049,'Independent News Herald (MN)'),(1050,'Independent Press (NJ)'),(1051,'Independent Register (WI)'),(1052,'Independent Voice (CA)'),(1053,'Independent-Messenger (VA)'),(1054,'Indiana Digital Student (IN)'),(1055,'Indianapolis Business Journal (IN)'),(1056,'Inkster Ledger Star (MI)'),(1057,'Inland Press Association (IL)'),(1058,'Inland Valley Daily Bulletin (CA)'),(1059,'Inside Publications (IL)'),(1060,'Inside Tucson Business (AZ)'),(1061,'Insider Business Journal (MI)'),(1062,'Intelligencer/The Record (PA)'),(1063,'Intertown Record (NH)'),(1064,'Investor\'s Business Daily (CA)'),(1065,'Iola Register (KS)'),(1066,'Iowa Falls Times-Citizen (IA)'),(1067,'Iowa Newspaper Association (IA)'),(1068,'Iowa State Daily (IA)'),(1069,'Ipswich Chronicle (MA)'),(1070,'Irvington Hearld (NJ)'),(1071,'Isabel Dakotan (SD)'),(1072,'Island Gazette (NC)'),(1073,'Island Park News (ID)'),(1074,'Issaquah Press (WA)'),(1075,'Itasca News (MN)'),(1076,'Ithaca Journal (NY)'),(1077,'Ithaca Times (NY)'),(1078,'Ivanhoe Times (MN)'),(1079,'Jackson Citizen Patriot (MI)'),(1080,'Jackson County Pilot (MN)'),(1081,'Jackson Hole Guide (WY)'),(1082,'Jackson Progressive (MS)'),(1083,'Jacksonville Daily Progress (TX)'),(1084,'Jacksonville Daily Record (FL)'),(1085,'Jacksonville News (AL)'),(1086,'Jacksonville Patriot (AR)'),(1087,'Jamestown News (NC)'),(1088,'Jefferson County Leader (WA)'),(1089,'Jefferson Post (NC)'),(1090,'Jenks Gazette (OK)'),(1091,'Jewish News of Grtr Phoenix (AZ)'),(1092,'Johnson City Record Courier (TX)'),(1093,'Johnson County Graphic (AR)'),(1094,'Johnstown Breeze (CO)'),(1095,'Jonesboro Sun (AR)'),(1096,'Jonesborough Herald & Tribune (TN)'),(1097,'Jordan Independent (MN)'),(1098,'Journal & Topics Newspapers (IL)'),(1099,'Journal and Courier (IN)'),(1100,'Journal Inquirer (CT)'),(1101,'Journal Newspapers Online (VA)'),(1102,'Journal of Business (WA)'),(1103,'Journal Opinion (VT)'),(1104,'Journal Press (King George)'),(1105,'Journal Review (IN)'),(1106,'Journal Star (IL)'),(1107,'Journal Tribune (ME)'),(1108,'Journal-News (OH)'),(1109,'Junction Eagle (TX)'),(1110,'Juneau Empire (AK)'),(1111,'Juno Beach Online (FL)'),(1112,'Ka Leo O Hawaii (HI)'),(1113,'Kalamazoo Gazette (MI)'),(1114,'Kaleo: Ko\'olauloa News (HI)'),(1115,'Kanabec Times (MN)'),(1116,'Kane County Chronicle (IL)'),(1117,'Kansas City Business Journal (MO)'),(1118,'Kansas City Star (KS)'),(1119,'Kansas Press Association (KS)'),(1120,'Katy Times (TX)'),(1121,'Ke Alaka\'i (HI)'),(1122,'Kearney Hub (NE)'),(1123,'Keizertimes (OR)'),(1124,'Kenmare News (ND)'),(1125,'Kennebec Business Monthly (ME)'),(1126,'Kenosha News (WI)'),(1127,'Kentucky Kernel (KY)'),(1128,'Kentucky New Era (KY)'),(1129,'Kentucky Press Association (KY)'),(1130,'Kentucky Standard (KY)'),(1131,'Keokuk Daily Gate City (IA)'),(1132,'Kern Valley Sun (CA)'),(1133,'Kerrville Daily Times (TX)'),(1134,'Ketchikan Daily News (AK)'),(1135,'Kewaunee Enterprise (WI)'),(1136,'Key West Citizen (FL)'),(1137,'Kilgore News Herald (TX)'),(1138,'Killeen Daily Herald (TX)'),(1139,'King City Rustler (CA)'),(1140,'King Times (NC)'),(1141,'Kingman Daily Miner (AZ)'),(1142,'Kingsburg Recorder (CA)'),(1143,'Kingsport Times-News (TN)'),(1144,'Kiowa County Press (CO)'),(1145,'Kirksville Daily Express & News (MO)'),(1146,'Kodiak (AK)'),(1147,'Kodiak Daily Mirror (AK)'),(1148,'Kokomo Tribune (IN)'),(1149,'La Canada Valley Sun (CA)'),(1150,'La Crosse Tribune (WI)'),(1151,'La Grange Daily News (GA)'),(1152,'La Opinion (CA)'),(1153,'La Prensa (CA)'),(1154,'La Raza (IL)'),(1155,'La Voz (AZ)'),(1156,'LA Weekly (CA)'),(1157,'Ladysmith News (WI)'),(1158,'Lafayette County Press (AR)'),(1159,'LaFollette Press (TN)'),(1160,'Lagniappe (AL)'),(1161,'Lahaina News (HI)'),(1162,'Lake Charles American Press (LA)'),(1163,'Lake City News (FL)'),(1164,'Lake City Reporter (FL)'),(1165,'Lake County Examiner (OR)'),(1166,'Lake County News-Chronicle (MN)'),(1167,'Lake Orion Eccentric (MI)'),(1168,'Lake Powell Chronicle (AZ)'),(1169,'Lake Stevens Journal (WA)'),(1170,'Lake Sun Leader (MO)'),(1171,'Lake Viking News (MO)'),(1172,'Lake Zurich Courier (IL)'),(1173,'Lakeshore Weekly News (MN)'),(1174,'Lakeside Ledger (GA)'),(1175,'Lamar Democrat and Sulligent News (AL)'),(1176,'Lamar Ledger (CO)'),(1177,'Lansing State Journal (MI)'),(1178,'Laredo Morning Times (TX)'),(1179,'Larson Publications Newspapers (MN)'),(1180,'Las Cruces Sun-News (NM)'),(1181,'Las Vegas Business Press (NV)'),(1182,'Las Vegas City Life (NV)'),(1183,'Las Vegas Mercury (NV)'),(1184,'Las Vegas Review-Journal (NV)'),(1185,'Las Vegas Sun (NV)'),(1186,'Lassen County Times (CA)'),(1187,'LatahEagle (ID)'),(1188,'Laughlin Entertainer (NV)'),(1189,'Laurel Outlook (MT)'),(1190,'Laurel Star (DE)'),(1191,'Lawndale News (IL)'),(1192,'Lawrence County Centennial (SD)'),(1193,'Lawrence Journal-World (KS)'),(1194,'Lawson Review (MO)'),(1195,'Lawton Constitution (OK)'),(1196,'Leader (AR)'),(1197,'Leader Online (OH)'),(1198,'Leader Times (PA)'),(1199,'Leader-Telegram (WI)'),(1200,'Leadville Herald Democrat (CO)'),(1201,'Leavenworth Chronicle Shopper (KS)'),(1202,'Leavenworth Echo (WA)'),(1203,'Lebanon Enterprise (KY)'),(1204,'Lebanon Express (OR)'),(1205,'Ledger-Sentinel (IL)'),(1206,'Lee County Examiner (FL)'),(1207,'Lee\'s Summit Journal (MO)'),(1208,'Leesburg Today (VA)'),(1209,'LeMars Daily Sentinel (IA)'),(1210,'LeRoy Pennysaver (NY)'),(1211,'Levittown Tribune (NY)'),(1212,'Lewis County Herald (KY)'),(1213,'Lewisboro Ledger (NY)'),(1214,'Lewisburg Tribune/Marshall Gazette (TN)'),(1215,'Lewiston Morning Tribune (ID)'),(1216,'Lewiston Morning Tribune (WA)'),(1217,'Lewistown News-Argus (MT)'),(1218,'Lewisville Leader (TX)'),(1219,'Lexington Clipper-Herald (NE)'),(1220,'Lexington Herald-Leader (KY)'),(1221,'Lexington Minuteman (MA)'),(1222,'Liberty County Times (MT)'),(1223,'Liberty Sun-News (MO)'),(1224,'Libertyville Review (IL)'),(1225,'Lincoln County News (ME)'),(1226,'Lincoln County Weekly (ME)'),(1227,'Lincoln Daily News (IL)'),(1228,'Lincoln Journal (WV)'),(1229,'Lincoln Journal Star (NE)'),(1230,'Lincolnwood Review (IL)'),(1231,'Lingle Guide (WY)'),(1232,'Linton Daily Citizen (IN)'),(1233,'Lisle Sun (IL)'),(1234,'Litchfield County Times (CT)'),(1235,'Livingston County Press (MI)'),(1236,'Livingston Enterprise (MT)'),(1237,'Livonia Observer (MI)'),(1238,'L\'Observateur (LA)'),(1239,'Local Paper (AK)'),(1240,'Lockhart Post-Register (TX)'),(1241,'Lodi News-Sentinel (CA)'),(1242,'Log Cabin Democrat (AR)'),(1243,'Logan Banner (WV)'),(1244,'Logan Daily News (OH)'),(1245,'Lombardian (IL)'),(1246,'Lompoc Record (CA)'),(1247,'Lonesome Valley Newspaper (AZ)'),(1248,'Long Beach Herald (NY)'),(1249,'Long Island Business News (NY)'),(1250,'Long Prairie Leader (MN)'),(1251,'Longview News-Journal (TX)'),(1252,'Lonoke Democrat (AR)'),(1253,'Los Alamos Monitor (NM)'),(1254,'Los Altos Town Crier (CA)'),(1255,'Los Angeles Downtown News (CA)'),(1256,'Los Angeles Independent (CA)'),(1257,'Los Angeles Times (CA)'),(1258,'Los Gatos Weekly-Times (CA)'),(1259,'Lost Creek Guide News (CO)'),(1260,'Loudoun Easterner (VA)'),(1261,'Loudoun Times-Mirror (VA)'),(1262,'Louisiana Press Association (LA)'),(1263,'Lovell Chronicle (WY)'),(1264,'Lovelock Review-Miner (NV)'),(1265,'Lovely County Citizen (AR)'),(1266,'Lovington Daily Leader (NM)'),(1267,'Lubbock Avalanche-Journal (TX)'),(1268,'Ludington Daily News (MI)'),(1269,'Lusk Herald (WY)'),(1270,'Luverne Journal (AL)'),(1271,'Lynden Tribune (WA)'),(1272,'Lynn Sunday Post (MA)'),(1273,'Lynnfield Weekly News (MA)'),(1274,'Lyons Recorder (CO)'),(1275,'Mackinac Town Crier (MI)'),(1276,'Macomb Eagle (IL)'),(1277,'Macomb Journal (IL)'),(1278,'Macon Area Online (GA)'),(1279,'Macon Chronicle-Herald (MO)'),(1280,'Macon Telegraph (GA)'),(1281,'Madison County Carrier (FL)'),(1282,'Madison County Journal (MS)'),(1283,'Madison County Record (AR)'),(1284,'Madison Courier (IN)'),(1285,'Madison Record (AL)'),(1286,'Madras Pioneer (OR)'),(1287,'Magnolia Reporter (AR)'),(1288,'Mail Tribune (OR)'),(1289,'Maine Press Association (ME)'),(1290,'Maine Times (ME)'),(1291,'Malden Observer (MA)'),(1292,'Malibu Times (CA)'),(1293,'Malvern Daily Record (AR)'),(1294,'Mammoth Times (CA)'),(1295,'Manassas Journal Messenger (VA)'),(1296,'Manchester Enterprise (MI)'),(1297,'Manchester Times (TN)'),(1298,'Manhasset Press (NY)'),(1299,'Mapleton Press (IA)'),(1300,'Marblehead Reporter (MA)'),(1301,'Marceline Press (MO)'),(1302,'Marco Island Eagle (FL)'),(1303,'Maricopa Monitor (AZ)'),(1304,'Marietta Daily Journal (GA)'),(1305,'Marin Independent Journal (CA)'),(1306,'Marion County Record (KS)'),(1307,'Marion Daily Republican (IL)'),(1308,'Marlboro Herald Advocate (SC)'),(1309,'Marshalltown Times Republican (IA)'),(1310,'Marshfield Mail (MO)'),(1311,'Marshfield News-Herald (WI)'),(1312,'Martha\'s Vineyard Times (MA)'),(1313,'Marysville Advocate (KS)'),(1314,'Marysville Journal-Tribune (OH)'),(1315,'Maryville Daily Forum (MO)'),(1316,'Mason City Globe-Gazette (IA)'),(1317,'Mason Valley News (NV)'),(1318,'Massachusetts News (MA)'),(1319,'Massapequan Observer (NY)'),(1320,'Mattoon Journal-Gazette (IL)'),(1321,'Maumelle Monitor (AR)'),(1322,'Maywood Herald (IL)'),(1323,'McAlester News-Capital & Democrat (OK)'),(1324,'McDonald County Press (MO)'),(1325,'McKenzie Banner (TN)'),(1326,'McKinney Messenger (TX)'),(1327,'McLean County Independent (ND)'),(1328,'McLean County Journal (ND)'),(1329,'McLeod County Chronicle (MN)'),(1330,'McPherson Sentinel (KS)'),(1331,'MD-DE-DC Press Association (MD)'),(1332,'Meade Co. Times-Tribune/Black Hills Press (SD)'),(1333,'Melrose Beacon (MN)'),(1334,'Melrose Free Press (MA)'),(1335,'Melrose Park Herald (IL)'),(1336,'Memphis Business Journal (TN)'),(1337,'Memphis Flyer (TN)'),(1338,'Mena Star (AR)'),(1339,'Mendota Reporter (IL)'),(1340,'Menomonee Falls News (WI)'),(1341,'Mequon-Thiensville Courant (WI)'),(1342,'Merced Sun-Star (CA)'),(1343,'Mercer Island Reporter (WA)'),(1344,'Meridian Star (MS)'),(1345,'Merrick Herald (NY)'),(1346,'Merrimack River Current (MA)'),(1347,'Mesabi Daily News (MN)'),(1348,'Messenger (River Grove)'),(1349,'Messenger-Inquirer (KY)'),(1350,'Methow Valley News (WA)'),(1351,'Metro (CA)'),(1352,'Metro Pulse (TN)'),(1353,'Metro Santa Cruz (CA)'),(1354,'Metro Times (MI)'),(1355,'Metropolis Planet (IL)'),(1356,'Mexico Ledger (MO)'),(1357,'Miami News-Record (OK)'),(1358,'Miami Today (FL)'),(1359,'Miami\'s Community Newspapers (FL)'),(1360,'Michigan Press Association (MI)'),(1361,'Mid Hudson Central (NY)'),(1362,'Middletown Journal (OH)'),(1363,'Middletown Press (CT)'),(1364,'Middletown Transcript (DE)'),(1365,'Midland Daily News (MI)'),(1366,'MidWeek Magazine (HI)'),(1367,'Midweek Online (ND)'),(1368,'Midwest Messenger (NE)'),(1369,'Milan News (MI)'),(1370,'Miles City Star (MT)'),(1371,'Milford Beacon (DE)'),(1372,'Milford Mirror (CT)'),(1373,'Mille Lacs County Times (MN)'),(1374,'Milwaukee Business Journal (WI)'),(1375,'Milwaukee Journal Sentinel (WI)'),(1376,'Minden Press-Herald (LA)'),(1377,'Mineola American (NY)'),(1378,'Mineral County Miner (CO)'),(1379,'Mineral Wells Index (TX)'),(1380,'Mining Journal (MI)'),(1381,'Minnesota Newspaper Association (MN)'),(1382,'Minnesota Sun Publications (MN)'),(1383,'Minnesota Women\'s Press (MN)'),(1384,'Minot Daily News (ND)'),(1385,'Mission Times Courier (CA)'),(1386,'Mississippi Business Journal (MS)'),(1387,'Mississippi Press Association (MS)'),(1388,'Miss-Lou Magazine (MS)'),(1389,'Missoula Independent (MT)'),(1390,'Missoulian (MT)'),(1391,'Missouri Press Association (MO)'),(1392,'Mitchell News-Journal (NC)'),(1393,'Moab\'s Times-Independent (UT)'),(1394,'Moberly Monitor-Index (MO)'),(1395,'Modoc County Record (CA)'),(1396,'Mohave Daily News (AZ)'),(1397,'Monadnock Ledger (NH)'),(1398,'Monett Times (MO)'),(1399,'Monroe County Advocate (TN)'),(1400,'Monroe Courier (CT)'),(1401,'Monroe Guardian (MI)'),(1402,'Monroe Journal (AL)'),(1403,'Monte Vista Journal (CO)'),(1404,'Montevideo American News (MN)'),(1405,'Montgomery Advertiser (AL)'),(1406,'Montgomery County Sentinel (MD)'),(1407,'Montgomery Independent (AL)'),(1408,'Montgomery Journal (MD)'),(1409,'Monticello Express (IA)'),(1410,'Monticello Times (MN)'),(1411,'Montrose Daily Press (CO)'),(1412,'Moon Record (PA)'),(1413,'Moore American (OK)'),(1414,'Moore County News-Press (TX)'),(1415,'Mooresville Times (IN)'),(1416,'Moosehead Messenger (MA)'),(1417,'Morehead News (KY)'),(1418,'Morgan Valley Weekly (UT)'),(1419,'Morning Journal (OH)'),(1420,'Morning News (AR)'),(1421,'Morning News (SC)'),(1422,'Morning Sentinel (IL)'),(1423,'Morning Sentinel (ME)'),(1424,'Morris Daily Herald (IL)'),(1425,'Morrison County Record (MN)'),(1426,'Morton Grove Champion (IL)'),(1427,'Moulton Advertiser (AL)'),(1428,'Moultrie News (SC)'),(1429,'Moultrie Observer (GA)'),(1430,'Mount Airy News (NC)'),(1431,'Mount Ayr Record-News (IA)'),(1432,'Mount Olive Tribune (NC)'),(1433,'Mount Pleasant Daily Tribune (TX)'),(1434,'Mount Pleasant News (IA)'),(1435,'Mount Prospect Times (IL)'),(1436,'Mount Shasta Herald (CA)'),(1437,'Mountain Advocate (KY)'),(1438,'Mountain Democrat (CA)'),(1439,'Mountain Echo (CA)'),(1440,'Mountain Home News (ID)'),(1441,'Mountain Jackpot (CO)'),(1442,'Mountain Lake Observer (MN'),(1443,'Mountain Mail (CO)'),(1444,'Mountain Messenger (WV)'),(1445,'Mountain Monthly (NM)'),(1446,'Mountain News (CA)'),(1447,'Mountain Statesman (WV)'),(1448,'Mountain Valley News (CO)'),(1449,'Mountain Xpress (NC)'),(1450,'Mountaineer-Progress (CA)'),(1451,'Mountaintop Eagle (PA)'),(1452,'Mountrail County Record (ND)'),(1453,'Mundelein Review (IL)'),(1454,'Murray County News (MN)'),(1455,'Murrysville Star (PA)'),(1456,'Muscatine Journal (IA)'),(1457,'Muskego Sun (WI)'),(1458,'Muskegon Chronicle (MI)'),(1459,'Naperville Sun (IL)'),(1460,'Naples Daily News (FL)'),(1461,'Naples Net News (FL)'),(1462,'Napoleon Homestead (ND)'),(1463,'Nashville Business Journal (TN)'),(1464,'Nashville Leader (AR)'),(1465,'Nashville News (AR)'),(1466,'Nashville Scene (TN)'),(1467,'Nassau Herald (NY)'),(1468,'Navajo Hopi Observer (AZ)'),(1469,'Navajo Times (AZ)'),(1470,'Navasota Examiner (TX)'),(1471,'Navy News (WA)'),(1472,'Nebraska Press Association (NE)'),(1473,'Neb-Sandhills (NE)'),(1474,'Neosho Daily News (MO)'),(1475,'Nevada Appeal (NV)'),(1476,'Nevada Business Journal (NV)'),(1477,'Nevada County Picayune (AR)'),(1478,'Nevada County Picayune (AR)'),(1479,'Nevada Press Association (NV)'),(1480,'Nevada Rancher (NV)'),(1481,'New Bay Times (MD)'),(1482,'New Berlin Citizen (WI)'),(1483,'New Braunfels Herald-Zeitung (TX)'),(1484,'New Canaan Advertiser (CT)'),(1485,'New Castle News (PA)'),(1486,'New City (IL)'),(1487,'New England Newspaper Association (MA)'),(1488,'New England Press Association (MA)'),(1489,'New Gloucester News (ME)'),(1490,'New Hampshire Gazette (NH)'),(1491,'New Haven Advocate (CT)'),(1492,'New Haven Register (CT)'),(1493,'New Hyde Park Illustrated (NY)'),(1494,'New Jersey Lawyer Weekly (NJ)'),(1495,'New Jersey Online (NJ)'),(1496,'New Jersey Press Association (NJ)'),(1497,'New Mexico Business Journal (NM)'),(1498,'New Prague Times (MN)'),(1499,'New Richmond News (WI)'),(1500,'New River Valley Current (VA)'),(1501,'New Times (AZ)'),(1502,'New Times (FL)'),(1503,'New Times Broward (FL)'),(1504,'New Times Los Angeles (CA)'),(1505,'New Town News (ND)'),(1506,'New Ulm Journal (MN)'),(1507,'New Utah (UT)'),(1508,'New York Daily News (NY)'),(1509,'New York Mills Herald (MN)'),(1510,'New York Newspaper Publishers Association (NY)'),(1511,'New York Observer (NY)'),(1512,'New York Post (NY)'),(1513,'New York Press Association (NY)'),(1514,'Newark Post (DE)'),(1515,'Newkirk Herald Journal (OK)'),(1516,'Newnan Times-Herald (GA)'),(1517,'Newport Daily News (RI)'),(1518,'Newport Independent (AR)'),(1519,'Newport News-Times (OR)'),(1520,'Newport Plain Talk (TN)'),(1521,'Newport This Week (RI)'),(1522,'News & Citizen (VT)'),(1523,'News & Review (CA)'),(1524,'News & Sun (AZ)'),(1525,'News Banner (IN)'),(1526,'News Chief(FL)'),(1527,'News Democrat & Leader (KY)'),(1528,'News Journal (DE)'),(1529,'News Journal (VA)'),(1530,'News Progress (IL)'),(1531,'News Record (NJ)'),(1532,'News Virginian (VA)'),(1533,'News-Bulletin (MO)'),(1534,'News-Bulletin (NM)'),(1535,'Newsday (NY)'),(1536,'News-Examiner (ID)'),(1537,'News-Herald (TN)'),(1538,'News-Item (PA)'),(1539,'News-Leader (FL)'),(1540,'News-Record (MN)'),(1541,'News-Record (MN)'),(1542,'News-Record (WY)'),(1543,'News-Register (OR)'),(1544,'News-Times (CT)'),(1545,'Newsweekly (MI)'),(1546,'Newtown Bee (CT)'),(1547,'Newtown Hamlet Hub (CT)'),(1548,'Niles Daily Star (MI)'),(1549,'Niner Online (NC)'),(1550,'Nisqually Valley News (WA)'),(1551,'Nobles County Review (MN)'),(1552,'Nogales International (AZ)'),(1553,'Nome Nugget (AK)'),(1554,'Norfolk Daily News (NE)'),(1555,'Norman Transcript (OK)'),(1556,'North Adams Transcript (MA)'),(1557,'North Andover Citizen (MA)'),(1558,'North Carolina Press Association (NC)'),(1559,'North County Times (CA)'),(1560,'North Dakota Newspaper Association (ND)'),(1561,'North Forty News (CO)'),(1562,'North Hills News Record (PA)'),(1563,'North Jersey Herald & News (NJ)'),(1564,'North Journal (PA)'),(1565,'North Kitsap Herald (WA)'),(1566,'North Lake Tahoe Bonanza (NV)'),(1567,'North Little Rock Times (AR)'),(1568,'North Myrtle Beach Times (SC)'),(1569,'North Port Sun Herald (FL)'),(1570,'North Weld Herald (CO)'),(1571,'Northbrook Star (IL)'),(1572,'Northeast Arkansas Town Crier (AR)'),(1573,'Northeast Mississippi Daily Journal (MS)'),(1574,'Northeast News Gleaner (PA)'),(1575,'Northern CO Bus. Report (CO)'),(1576,'Northern Express (MI)'),(1577,'Northern New Hampshire Magazine (NH)'),(1578,'Northfield News (MN)'),(1579,'Northlake Herald-Journal (IL)'),(1580,'Northshore Citizen (WA)'),(1581,'Northwest Arkansas Times (AR)'),(1582,'Northwest Asian Weekly/The Seattle Chinese Post (WA)'),(1583,'Norwalk Citizen-News (CT)'),(1584,'Norwalk Hamlet Hub (CT)'),(1585,'Norwalk Reflector (OH)'),(1586,'Norway Current (MI)'),(1587,'Norwich Bulletin (CT)'),(1588,'Norwin Star (PA)'),(1589,'Norwood Post (CO)'),(1590,'Novato Advance (CA)'),(1591,'Nutley Journal (NJ)'),(1592,'Nyack Villager (NY)'),(1593,'Oak Creek Pictorial (WI)'),(1594,'Oak Leaves (IL)'),(1595,'Oak Park Journal (IL)'),(1596,'Oakes Times (ND)'),(1597,'Oakmont Advance Leader (PA)'),(1598,'Observer News Enterprise (NC)'),(1599,'Observer-Dispatch (NY)'),(1600,'Observer-Reporter (PA)'),(1601,'Ocala Star-Banner (FL)'),(1602,'Ocean Pines Gazette (MD)'),(1603,'Ocean Star (NJ)'),(1604,'Oceana\'s Herald-Journal (MI)'),(1605,'Oceanside/IP Herald (NY)'),(1606,'Oconee Enterprise (GA)'),(1607,'Odessa American (TX)'),(1608,'Ohio Newspaper Association (OH)'),(1609,'Ojai Valley News (CA)'),(1610,'Okeechobee Times (FL)'),(1611,'Oklahoma Gazette (OK)'),(1612,'Oklahoma Press Association (OK)'),(1613,'Okmulgee Daily Times (OK)'),(1614,'Olean Times-Herald (NY)'),(1615,'Olney Daily Mail (IL)'),(1616,'Omaha Catholic Voice (NE)'),(1617,'Omaha Reader (NE)'),(1618,'Omaha World-Herald (NE)'),(1619,'Omak Chronicle (WA)'),(1620,'Opelika-Auburn News (AL)'),(1621,'Optic Herald (TX)'),(1622,'Orange County Business Journal (CA)'),(1623,'Orange County Register (CA)'),(1624,'Orange County Review (VA)'),(1625,'Orange County Weekly (CA)'),(1626,'Orange Leader (TX)'),(1627,'Orange Transcript (NJ)'),(1628,'Oregon Live (OR)'),(1629,'Oregon Newspaper Publishers Association (OR)'),(1630,'Orlando Business Journal (FL)'),(1631,'Orlando Weekly (FL)'),(1632,'Oroville Mercury Register (CA)'),(1633,'Osceola News-Gazette (FL)'),(1634,'Osceola Sentinel-Tribune (IA)'),(1635,'Osceola Times (AR)'),(1636,'Osgood Journal (IN)'),(1637,'Oshkosh Northwestern (WI)'),(1638,'Oskaloosa Herald (IA)'),(1639,'Oswego Daily News (NY)'),(1640,'Othello Outlook (WA)'),(1641,'Ottawa Herald (KS)'),(1642,'Ouray Plaindealer (CO)'),(1643,'Outer Banks Sentinel (NC)'),(1644,'Overton County News (TN)'),(1645,'Owasso Rambler (OK)'),(1646,'Owatonna People\'s Press (MN)'),(1647,'Oxford Eccentric (MI)'),(1648,'Oxford Press (OH)'),(1649,'Oyster Bay Enterprise-Pilot (NY)'),(1650,'Ozark County Times (MO)'),(1651,'Pacific Business News (HI)'),(1652,'Pacific Coast Business Times (CA)'),(1653,'Pacific Northwest Newspaper Association (WA)'),(1654,'Pacifica Tribune (CA)'),(1655,'Pagosa Springs Daily Post (CO)'),(1656,'Pagosa Springs Sun (CO)'),(1657,'Pahrump Valley Times (NV)'),(1658,'Palacios Beacon (TX)'),(1659,'Palatka Daily News (FL)'),(1660,'Palestine Herald Press (TX)'),(1661,'Palisade Tribune (CO)'),(1662,'Palisadian Post (CA)'),(1663,'Palm Beach Daily News (FL)'),(1664,'Palm Beach Post (FL)'),(1665,'Palms West Press (FL)'),(1666,'Palo Alto Daily News (CA)'),(1667,'Palo Alto Online (CA)'),(1668,'Palo Verde Valley Times (CA)'),(1669,'Panorama Online (AZ)'),(1670,'Paradise Post (CA)'),(1671,'Paragould Daily Press (AR)'),(1672,'Paris Beacon-News (IL)'),(1673,'Paris Express (AR)'),(1674,'Park Falls Herald (WI)'),(1675,'Park Rapids Enterprise (MN)'),(1676,'Park Record (UT)'),(1677,'Parsons Sun (KS)'),(1678,'Pasco News(FL)'),(1679,'Patriot News (PA)'),(1680,'Pawtucket Times (RI)'),(1681,'Payson Roundup (AZ)'),(1682,'Peabody Weekly News (MA)'),(1683,'Pecos Enterprise (TX)'),(1684,'Pekin Daily Times (IL)'),(1685,'Pelham Weekly (NY)'),(1686,'Penasee Globe (MI)'),(1687,'Peninsula Clarion (AK)'),(1688,'Peninsula Daily News (WA)'),(1689,'Penn Hills Progress (PA)'),(1690,'Pennsylvania Newspaper Association (PA)'),(1691,'Pensacola News Journal (FL)'),(1692,'People\'s Press (CT)'),(1693,'Peoria Journal Star (IL)'),(1694,'Peoria Times (AZ)'),(1695,'Perry County Times (PA)'),(1696,'Perryville Sun Times News (MO)'),(1697,'Peshtigo Times (WI)'),(1698,'Petaluma Argus-Courier (CA)'),(1699,'Peterborough Transcript (NH)'),(1700,'Petersburg Pilot (AK)'),(1701,'Petit Jean Country Headlight (AR)'),(1702,'Petoskey News-Review (MI)'),(1703,'Petroleum News (AK)'),(1704,'Pharos-Tribune (IN)'),(1705,'Philadelphia Business Journal (PA)'),(1706,'Philadelphia Daily News (PA)'),(1707,'Philadelphia Inquirer (PA)'),(1708,'Philadelphia Weekly (PA)'),(1709,'Philipsburg Mail (MT)'),(1710,'Phoenix Business Journal (AZ)'),(1711,'Picayune Item (MS)'),(1712,'Pickens County Progress (GA)'),(1713,'Piedmont Journal (AL)'),(1714,'Pierce Co. Herald (WI)'),(1715,'Pinal Ways (AZ)'),(1716,'Pine Bluff Commercial (AR)'),(1717,'Pine City Pioneer (MN)'),(1718,'Pine County Pioneer (MN)'),(1719,'Pine Island News (FL)'),(1720,'Pine River Journal (MN)'),(1721,'Pine River Times (CO)'),(1722,'Pinecrest Tribune (FL)'),(1723,'Pioneer Press (AK)'),(1724,'Pioneer Press Newspapers (IL)'),(1725,'Pioneer Times (MI)'),(1726,'PitchWeekly (MO)'),(1727,'Pittsburgh Business Times (PA)'),(1728,'Pittsburgh City Paper (PA)'),(1729,'Pittsburgh Post-Gazette (PA)'),(1730,'Pittsburgh Tribune-Review (PA)'),(1731,'Pittsfield Gazette (MA)'),(1732,'Pittsfield Pigeon (MA)'),(1733,'Plain Talk (SD)'),(1734,'Plainview Daily Herald (TX)'),(1735,'Plainview On The Net (TX)'),(1736,'Plainview-Old Bethpage Herald (NY)'),(1737,'Plainville Citizen (CT)'),(1738,'Planet Jackson Hole (WY)'),(1739,'Plano Star Courier (TX)'),(1740,'Platte County Record-Times (WY)'),(1741,'Pleasanton Express (TX)'),(1742,'Plum Advance Leader (PA)'),(1743,'Plumas County News (CA)'),(1744,'Plymouth Observer (MI)'),(1745,'Pocono Record (PA)'),(1746,'Point Pleasant Register (WV)'),(1747,'Point Reyes Light (CA)'),(1748,'Polish News (IL)'),(1749,'Politico'),(1750,'Polk County Enterprise (TX)'),(1751,'Ponchatoula Times (LA)'),(1752,'Pope County Tribune (MN)'),(1753,'Port Arthur News (TX)'),(1754,'Port Austin Times (MI)'),(1755,'Port Folio (VA)'),(1756,'Port Lavaca Wave (TX)'),(1757,'Port Orchard Independent (WA)'),(1758,'Port Orford News (OR)'),(1759,'Port Saint Lucie News (FL)'),(1760,'Port Washington News (NY)'),(1761,'Portage County Gazette (WI)'),(1762,'Portales News-Tribune (NM)'),(1763,'Porterville Recorder (CA)'),(1764,'Portland Press Herald (ME)'),(1765,'Portsmouth Herald (NH)'),(1766,'Portuguese Times (MA)'),(1767,'Post Independent (CO)'),(1768,'Post Online (AL)'),(1769,'Post Register (ID)'),(1770,'Post Searchlight (GA)'),(1771,'Post-Bulletin (MN)'),(1772,'Post-Crescent (WI)'),(1773,'Post-Journal (NY)'),(1774,'Post-Tribune (IN)'),(1775,'Poteau Daily News & Sun (OK)'),(1776,'Potomac News (VA)'),(1777,'Pottsville Republican (PA)'),(1778,'Poughkeepsie Journal (NY)'),(1779,'Poway Chieftian (CA)'),(1780,'Powell Tribune (WY)'),(1781,'Prairie Advocate (IL)'),(1782,'Prairie Reader (MN)'),(1783,'Prairie Star (MT)'),(1784,'Pratt Tribune (KS)'),(1785,'Prattville Progress (AL)'),(1786,'Prensa Hispana (AZ)'),(1787,'Prescott eNews (AZ)'),(1788,'Prescott Journal (WI)'),(1789,'Prescott Valley Tribune (AZ)'),(1790,'Press & Sun-Bulletin (NY)'),(1791,'Press Argus-Courier (AR)'),(1792,'Press Journal (FL)'),(1793,'Press-Citizen (IA)'),(1794,'Press-Enterprise (PA)'),(1795,'Press-Register (AL)'),(1796,'Press-Republican (NY)'),(1797,'Press-Telegram (CA)'),(1798,'Prince George Journal (MD)'),(1799,'Prince George Sentinel (MD)'),(1800,'Prince George\'s Post (MD)'),(1801,'Princeton Town Topics (NJ)'),(1802,'Princeton Union-Eagle (MN)'),(1803,'Prior Lake American (MN)'),(1804,'Proctor Journal (MN)'),(1805,'Progress Online (OK)'),(1806,'Providence Business News (RI)'),(1807,'Providence Journal (RI)'),(1808,'Providence Phoenix (RI)'),(1809,'Provincetown Banner (MA)'),(1810,'Provincetown Daily (MA)'),(1811,'Pueblo Chieftain (CO)'),(1812,'Puget Sound Business Journal (WA)'),(1813,'Puget Sound News (WA)'),(1814,'Pulaski County Democrat (MO)'),(1815,'Pulse of the Twin Cities (MN)'),(1816,'Pulse-Journal (OH)'),(1817,'Purdue Exponent (IN)'),(1818,'Putnam News and Recorder (NY)'),(1819,'Putnam/Cabell Post (WV)'),(1820,'Puyallup Herald (WA)'),(1821,'Quad-City Times (IA)'),(1822,'Quartzsite Times (AZ)'),(1823,'Queens Tribune (NY)'),(1824,'Quincy Herald-Whig (IL)'),(1825,'Rabbit Creek Journal (CA)'),(1826,'Rahway Progress (Linden)'),(1827,'Rains County Leader (TX)'),(1828,'Rancho Bernardo News Journal (CA)'),(1829,'Randolph Leader (AL)'),(1830,'Rangely Herald Times (CO)'),(1831,'Rapid City Journal (SD)'),(1832,'Rappahannock Record (VA)'),(1833,'Ravalli Republic (MT)'),(1834,'Rayne Acadian-Tribune (LA)'),(1835,'Reading Times/Reading Eagle (PA)'),(1836,'Record Herald (OH)'),(1837,'Record Publishing (OH)'),(1838,'Record Review (WI)'),(1839,'Record Searchlight (CA)'),(1840,'Record-Courier (NV)'),(1841,'Record-Journal (CT)'),(1842,'Red and Black (GA)'),(1843,'Red Bluff Daily News (CA)'),(1844,'Redding Hamlet Hub (CT)'),(1845,'Redding Pilot (CT)'),(1846,'Redford Observer (MI)'),(1847,'Redlands Daily Facts (CA)'),(1848,'Redwood Gazette (MN)'),(1849,'Reedsburg Times-Press (WI)'),(1850,'Register Citizen (CT)'),(1851,'Register-Herald (WV)'),(1852,'Register-News (IL)'),(1853,'Reminder (CT)'),(1854,'Reminder and Blade-Tribune (AZ)'),(1855,'Reno Gazette-Journal (NV)'),(1856,'Reno News & Review (NV)'),(1857,'Renton Reporter (WA)'),(1858,'Reporter (WI)'),(1859,'Reporter-Times (IN)'),(1860,'Repository (OH)'),(1861,'Republican and Fairplay Flume (CO)'),(1862,'Republican Eagle (MN)'),(1863,'Republican Journal (WI)'),(1864,'Republican-Clipper (MO)'),(1865,'Republican-Leader (MN)'),(1866,'Republic-Monitor (MO)'),(1867,'Revere Independent (MA)'),(1868,'Rhino Times (NC)'),(1869,'Richland Mirror (MO)'),(1870,'Richlands News-Press (VA)'),(1871,'Richmond Register (KY)'),(1872,'Richmond Times-Dispatch (VA)'),(1873,'Rico Bugle (CO)'),(1874,'Ridgefield Hamlet Hub (CT)'),(1875,'Ridgefield Press (CT)'),(1876,'Rio Blanco Herald Times (CO)'),(1877,'River Cities Reader (IA)'),(1878,'River Falls Journal (WI)'),(1879,'River Reporter (NY)'),(1880,'Riverdale Review (NY)'),(1881,'Roane County News (TN)'),(1882,'Roanoke Time & World News (VA)'),(1883,'Roanoke Times (VA)'),(1884,'Robinson Daily News (IL)'),(1885,'Rochelle News-Leader (IL)'),(1886,'Rochester Business Journal (NY)'),(1887,'Rochester Eccentric (MI)'),(1888,'Rock County Star Herald (MN)'),(1889,'Rockbridge Weekly (VA)'),(1890,'Rocket-Courier (PA)'),(1891,'Rockford Register Star (IL)'),(1892,'Rockingham News (NH)'),(1893,'Rockville Centre Herald (NY)'),(1894,'Rogue River Press (OR)'),(1895,'Roll Call '),(1896,'Rolla Daily News (MO)'),(1897,'Rolling Meadows Review (IL)'),(1898,'Rome News-Tribune (GA)'),(1899,'Rome Observer (NY)'),(1900,'Romulus Roman (MI)'),(1901,'Roseville Independent (IL)'),(1902,'Roswell Daily Record (NM)'),(1903,'Ruidoso News (NM)'),(1904,'Rumford Falls Times (ME)'),(1905,'Russell Register (KY)'),(1906,'Rutland Herald (VT)'),(1907,'Sacramento Business Journal (CA)'),(1908,'Sag Harbor Express (NY)'),(1909,'Saginaw News (MI)'),(1910,'Saguache Crescent (CO)'),(1911,'Saint Albans Messenger (VT)'),(1912,'Saint Cloud Times (MN)'),(1913,'Saint Francis Reminder-Enterprise (WI)'),(1914,'Saint Genevieve Sun Times (MO)'),(1915,'Saint Helena Star (CA)'),(1916,'Saint James Leader-Journal (MO)'),(1917,'Saint James Plaindealer (MN)'),(1918,'Saint Joseph News-Press (MO)'),(1919,'Saint Louis Business Journal (MO)'),(1920,'Saint Louis Today (MO)'),(1921,'Saint Maries Gazette-Record (ID)'),(1922,'Saint Paul Pioneer Press (MN)'),(1923,'Saint Petersburg Times (FL)'),(1924,'Sakonnet Times (RI)'),(1925,'Salina Sun (UT)'),(1926,'Saline Courier (AR)'),(1927,'Saline Reporter (MI)'),(1928,'Salisbury Post (NC)'),(1929,'San Antonio Business Journal (TX)'),(1930,'San Antonio Express-News (TX)'),(1931,'San Diego Community Newspaper Group (CA)'),(1932,'San Diego Daily Transcript (CA)'),(1933,'San Diego Headline News (CA)'),(1934,'San Diego RanchCoast News (CA)'),(1935,'San Francisco Business Times (CA)'),(1936,'San Francisco Chronicle (CA)'),(1937,'San Francisco Examiner (CA)'),(1938,'San Francisco Times (CA)'),(1939,'San Francisco Weekly (CA)'),(1940,'San Gabriel Valley Daily Tribune (CA)'),(1941,'San Jose Business Journal (CA)'),(1942,'San Jose Mercury News (CA)'),(1943,'San Marcos Daily Record (TX)'),(1944,'San Mateo County Times (CA)'),(1945,'San Pedro Valley News-Sun (AZ)'),(1946,'Sand Mountain Reporter (AL)'),(1947,'Sandpoint Online (ID)'),(1948,'Sandusky Register (OH)'),(1949,'Sangre de Christo Chronicle (NM)'),(1950,'Santa Barbara Independent (CA)'),(1951,'Santa Barbara News-Press (CA)'),(1952,'Santa Cruz County Sentinel (CA)'),(1953,'Santa Fe Times (NM)'),(1954,'Santa Paula Times (CA)'),(1955,'Sapulpa Daily Herald (OK)'),(1956,'Sarasota Herald-Tribune (FL)'),(1957,'Saratoga News (CA)'),(1958,'Saugus Advertiser (MA)'),(1959,'Sauk Centre Herald (MN)'),(1960,'Savage Pacer (MN)'),(1961,'Savannah Morning News (GA)'),(1962,'Sawyer County Record (WI)'),(1963,'Schaumburg Times (IL)'),(1964,'Scranton Times/The Tribune (PA)'),(1965,'SCSunTimes.com (DE)'),(1966,'Seaford Star (DE)'),(1967,'Seattle Daily Journal of Commerce (WA)'),(1968,'Seattle Post-Intelligencer (WA)'),(1969,'Seattle Weekly (WA)'),(1970,'Sebastian Sun (FL)'),(1971,'Sedona Red Rock News (AZ)'),(1972,'Sedona.biz (AZ)'),(1973,'Seeley Swan Pathfinder (MT)'),(1974,'Seldovia Gazette (AK)'),(1975,'Selma Enterprise (CA)'),(1976,'Selma Times-Journal (AL)'),(1977,'Sentinel & Enterprise (MA)'),(1978,'Sentinel Express (CO)'),(1979,'Sentinel-Courier (ND)'),(1980,'Sentinel-Echo (KY)'),(1981,'Sentinel-News (KY)'),(1982,'Sentinel-Record (AR)'),(1983,'Sentinel-Standard (MI)'),(1984,'Sentry-Enterprise (WI)'),(1985,'Sequim Gazette (WA)'),(1986,'Seward Phoenix Log (AK)'),(1987,'Sewickly Herald (PA)'),(1988,'Shakopee Valley News (MN)'),(1989,'Shawano Leader (WI)'),(1990,'Shawnee Journal Herald (KS)'),(1991,'Shawnee Online (OK)'),(1992,'Sheboygan Press (WI)'),(1993,'Shelby County Reporter (AL)'),(1994,'Shelby Star (NC)'),(1995,'Shelbyville Times-Gazette (TN)'),(1996,'Shelton Herald (CT)'),(1997,'Shenandoah.com (VA)'),(1998,'Sheridan Headlight (AR)'),(1999,'Sherwood Voice (AR)'),(2000,'Shore Line Times (CT)'),(2001,'Shorewood Herald (WI)'),(2002,'Sidney Herald-Leader (MT)'),(2003,'Sierra County Sentinel (NM)'),(2004,'Sierra Star (CA)'),(2005,'Sierra Sun (CA)'),(2006,'Sierra Vista Herald (AZ)'),(2007,'Signal Item - Star (PA)'),(2008,'Silicon Valley News (CA)'),(2009,'Silver City Daily Press & Independent (NM)'),(2010,'Sioux City Journal (IA)'),(2011,'Siskiyou Daily News (CA)'),(2012,'Sitnews (AK)'),(2013,'Skagit Valley Herald (WA)'),(2014,'Skagway News (AK)'),(2015,'Skokie Review (IL)'),(2016,'Sky-Hi News (CO)'),(2017,'Skywrighter (OH)'),(2018,'Slidell Sentry-News (LA)'),(2019,'Smith County Pioneer (KS)'),(2020,'Smithville Review (TN)'),(2021,'Smoky Mountain News (NC)'),(2022,'Smyth County News & Messenger (VA)'),(2023,'Snoqualmie Valley Record (WA)'),(2024,'Snowmass Village Sun (CO)'),(2025,'Snyder Daily News (TX)'),(2026,'So. Arizona News-Examiner (AZ)'),(2027,'Somerset Herald (MD)'),(2028,'Somersworld (NH)'),(2029,'Sonoma County Independent (CA)'),(2030,'Sonoma Index-Tribune (CA)'),(2031,'Sonoran News (AZ)'),(2032,'South Alabamian (AL)'),(2033,'South Bend Tribune (IN)'),(2034,'South Boston Online (MA)'),(2035,'South Boston Tribune (MA)'),(2036,'South Carolina Press Association (SC)'),(2037,'South County Journal (WA)'),(2038,'South County Spotlight (OR)'),(2039,'South Dakota Newspaper Association (SD)'),(2040,'South Florida Business Journal (FL)'),(2041,'South Hills Record (PA)'),(2042,'South Milwaukee Voice Graphic (WI)'),(2043,'South Plainfield Observer (NJ)'),(2044,'South Sioux City Star (NE)'),(2045,'South Washington County Bulletin (WI)'),(2046,'South Whidbey Record (WA)'),(2047,'Southampton (NY)'),(2048,'Southeast Alaska\'s Island News (AK)'),(2049,'Southeast Missourian (MO)'),(2050,'Southeast Sun (AL)'),(2051,'Southern Illinoisan (IL)'),(2052,'Southern Newspaper Publishers Association (GA)'),(2053,'Southern Standard (TN)'),(2054,'Southern Utah News (UT)'),(2055,'Southfield Eccentric (MI)'),(2056,'Southington Citizen (CT)'),(2057,'Southington Observer (CT)'),(2058,'Southside Sentinel (VA)'),(2059,'Southwest Daily News (LA)'),(2060,'Southwest Daily Times (KS)'),(2061,'Southwest Florida Business(FL)'),(2062,'Southwest Iowa Now (IA)'),(2063,'Southwest Virginia Enterprise (VA)'),(2064,'Sparta News-Plaindealer (IL)'),(2065,'Spartanburg Herald-Journal (SC)'),(2066,'Spectator (NC)'),(2067,'Spencer Daily Reporter (IA)'),(2068,'Spokesman Review (ID)'),(2069,'Spooner Advocate (WI)'),(2070,'Spring Valley Tribune (MN)'),(2071,'Springfield Journal (MA)'),(2072,'Springfield News (OR)'),(2073,'Springfield News-Leader (MO)'),(2074,'Springfield News-Leader (MO)'),(2075,'Springfield News-Sun (OH)'),(2076,'St. Clair Times (AL)'),(2077,'Stamford Hamlet Hub (CT)'),(2078,'Stamford Times (CT)'),(2079,'Standard Banner (TN)'),(2080,'Standard Blade (CO)'),(2081,'Standard Democrat (MO)'),(2082,'Standard Observer (PA)'),(2083,'Standard Press (WI)'),(2084,'Standard-Examiner (UT)'),(2085,'Standard-Sentinel (SC)'),(2086,'Standard-Speaker (PA)'),(2087,'Standard-Times (TX)'),(2088,'Stanwood/Camano News (WA)'),(2089,'Star and Wave (NJ)'),(2090,'Star Gazette (MN)'),(2091,'Star News (WI)'),(2092,'Star Tribune (MN)'),(2093,'Star Valley Independent (WY)'),(2094,'Star-Courier (IL)'),(2095,'Star-Gazette (NY)'),(2096,'Star-Herald (MO)'),(2097,'Star-Herald (NE)'),(2098,'Starkville Daily News (MS)'),(2099,'Starline (WA)'),(2100,'Star-Press (IA)'),(2101,'Stars and Stripes (MD)'),(2102,'State Gazette (TN)'),(2103,'State Journal (WV)'),(2104,'State News (MI)'),(2105,'Staten Island Advance/Staten Island Live (NY)'),(2106,'Statesman Journal (OR)'),(2107,'Statesville Record & Landmark (NC)'),(2108,'Staunton Star-Times (IL)'),(2109,'Steamboat Pilot (CO)'),(2110,'Steele County Press (ND)'),(2111,'Steelville Star - Crawford Mirror (MO)'),(2112,'Stephenville Empire-Tribune (TX)'),(2113,'Sterling Journal-Advocate (CO)'),(2114,'Stevens Point Journal (WI)'),(2115,'Storm Lake Times (IA) '),(2116,'Stowe Reporter (VT)'),(2117,'Straitsland Resorter (MI)'),(2118,'Stratford Star (CT)'),(2119,'Streator Times-Press (IL)'),(2120,'Sturgis Journal (MI)'),(2121,'Style Weekly (VA)'),(2122,'Suburban News (OH)'),(2123,'Suburban Newspapers of America (IL)'),(2124,'Sudbury Town Crier (MA)'),(2125,'Suffolk News-Herald (VA)'),(2126,'Sullivan County Democrat (NY)'),(2127,'Sulphur Times-Democrat (OK)'),(2128,'Summit Daily News (CO)'),(2129,'Summit Observer (NJ)'),(2130,'Sumter Co. Record-Journal (AL)'),(2131,'Sumter County Times (FL)'),(2132,'Sun Advocate (UT)'),(2133,'Sun Publications Newspapers (IL)'),(2134,'Sun-Journal (ME)'),(2135,'Sunnyvale Sun (CA)'),(2136,'Sun-Sentinel (FL)'),(2137,'Sunshine Express (CO)'),(2138,'Sun-Times (AR)'),(2139,'Surprise Today (AZ)'),(2140,'Sussex Countian (DE)'),(2141,'Suwannee Democrat (GA)'),(2142,'Swampscott Reporter (MA)'),(2143,'Sweetwater Reporter (TX)'),(2144,'Swift County Monitor (MN)'),(2145,'Syosset-Jericho Tribune (NY)'),(2146,'Tahlequah Daily Press (OK)'),(2147,'Tahoe Daily Tribune (CA)'),(2148,'Tahoe World (CA)'),(2149,'Takoma Voice (MD)'),(2150,'Talk of the Town (ID)'),(2151,'Talkeetna Times (AK)'),(2152,'Tallahassee Democrat (FL)'),(2153,'Tampa Bay Business (FL)'),(2154,'Taos News (NM)'),(2155,'Taunton Daily Gazette (MA)'),(2156,'Tech Source NJ '),(2157,'Tehachapi News (CA)'),(2158,'Telegram & Gazette (MA)'),(2159,'Telegram-Tribune (CA)'),(2160,'Telegraph Herald (IA)'),(2161,'Telluride Daily Planet (CO)'),(2162,'Telluride Watch (CO)'),(2163,'Temple Daily Telegram (TX)'),(2164,'Tempo-News (FL)'),(2165,'Tennessee Press Association (TN)'),(2166,'Tennessee Tribune (TN)'),(2167,'Texarkana Gazette (AR)'),(2168,'Texarkana Gazette (TX)'),(2169,'Texas City Sun (TX)'),(2170,'Texas Daily Newspaper Association (TX)'),(2171,'Texas Press Association (TX)'),(2172,'The Ada Evening News (OK)'),(2173,'The Ada Herald (OH)'),(2174,'The Adit (MT)'),(2175,'The Advertiser (LA)'),(2176,'The Advertiser-Tribune (OH)'),(2177,'The Advocate (CA)'),(2178,'The Advocate (LA)'),(2179,'The Advocate-Messenger (KY)'),(2180,'The Albany Herald (GA)'),(2181,'The Albuquerque Tribune (NM)'),(2182,'The Allegan County News (MI)'),(2183,'The Allen American (TX)'),(2184,'The Alliance Times-Herald (NE)'),(2185,'The Almanac (CA)'),(2186,'The Ann Arbor News (MI)'),(2187,'The Appeal-Democrat (CA)'),(2188,'The Arcata Eye (CA)'),(2189,'The Argus (CA)'),(2190,'The Ark (CA)'),(2191,'The Arkansas City Traveler (KS)'),(2192,'The Arlington Advocate (MA)'),(2193,'The Ascension Citizen (LA)'),(2194,'The Asheville Citizen-Times (NC)'),(2195,'The Ashland Daily Tidings (OR)'),(2196,'The Athens News (OH)'),(2197,'The Augusta Chronicle (GA)'),(2198,'The Austin American-Statesman (TX)'),(2199,'The Baker County Standard (FL)'),(2200,'The Bakersfield Californian (CA)'),(2201,'The Bandera Bulletin (TX)'),(2202,'The Banner Online (NC)'),(2203,'The Banner Press (TX)'),(2204,'The Bates Student (ME)'),(2205,'The Battalion (TX)'),(2206,'The Baxley News-Banner (GA)'),(2207,'The Baytown Sun (TX)'),(2208,'The Beaches Leader (FL)'),(2209,'The Beacon-News (IL)'),(2210,'The Beaufort Gazette (SC)'),(2211,'The Beaver Press (UT)'),(2212,'The Bee (WI)'),(2213,'The Bellingham Herald (WA)'),(2214,'The Belmont Citizen-Herald (MA)'),(2215,'The Berkshire Eagle (MA)'),(2216,'The Billings Outpost (MT)'),(2217,'The Bismarck Tribune (ND)'),(2218,'The Bitterroot Star (MT)'),(2219,'The Blade (OH)'),(2220,'The Bladen Journal (NC)'),(2221,'The Bleckley County News (GA)'),(2222,'The Bloomfield Democrat (IA)'),(2223,'The Blue Springs Examiner (MO)'),(2224,'The Bolivar Commercial (MS)'),(2225,'The Boscobel Dial (WI)'),(2226,'The Boston Globe (MA)'),(2227,'The Bradford Era (PA)'),(2228,'The Bradley News Weekly (TN)'),(2229,'The Brainerd Daily Dispatch (MN)'),(2230,'The Brazosport Facts (TX)'),(2231,'The Brownsville Herald (TX)'),(2232,'The Brunswick Beacon (NC)'),(2233,'The Brunswick News (GA)'),(2234,'The Bryan Times (OH)'),(2235,'The Buffalo News (NY)'),(2236,'The Bulletin (OR)'),(2237,'The Bulletin Online (KS)'),(2238,'The Bulletin Online (TX)'),(2239,'The Burlington Free Press (VT)'),(2240,'The Business Journal (CA)'),(2241,'The Business Journal (FL)'),(2242,'The Business News (OH)'),(2243,'The Business News (OR)'),(2244,'The Business Report (GA)'),(2245,'The Caledonia Argus (MN)'),(2246,'The Caledonian-Record (VT)'),(2247,'The Canyon News (TX)'),(2248,'The Cape Cod Chronicle (MA)'),(2249,'The Cape Courier (ME)'),(2250,'The Capital (MD)'),(2251,'The Capital Times (WI)'),(2252,'The Carthage Press (MO)'),(2253,'The Charleston Gazette (WV)'),(2254,'The Charlotte Observer (NC)'),(2255,'The Chattanoogan (TN)'),(2256,'The Chelsea Standard (MI)'),(2257,'The Chetek Alert (WI)'),(2258,'The Christian Science Monitor (MA)'),(2259,'The Chronicle (SC)'),(2260,'The Chronicle (WA)'),(2261,'The Chronotype (WI)'),(2262,'The Cincinnati Post (OH)'),(2263,'The Circle Online (MN)'),(2264,'The Citizen (GA)'),(2265,'The Citizens Voice (PA)'),(2266,'The Clarion (TX)'),(2267,'The Clarion-Ledger (MS)'),(2268,'The Clarksburg Exponent/Telegram (WV)'),(2269,'The Clinton County Leader (MO)'),(2270,'The Clinton Daily News (OK)'),(2271,'The Coast Star (NJ)'),(2272,'The Coastal Courier (GA)'),(2273,'The Coastal Observer (SC)'),(2274,'The Coffeyville Journal (KS)'),(2275,'The Columbian (WA)'),(2276,'The Commerce Journal (TX)'),(2277,'The Commercial Appeal (TN)'),(2278,'The Community News (TX)'),(2279,'The Community Times Dispatch (SC)'),(2280,'The Conway Daily Sun (NH)'),(2281,'The Corydon Democrat (IN)'),(2282,'The Courier (LA)'),(2283,'The Courier (OH)'),(2284,'The Courier (TX)'),(2285,'The Courier Herald (GA)'),(2286,'The Courier-Express (PA)'),(2287,'The Courier-Gazette (NY)'),(2288,'The Courier-Journal (KY)'),(2289,'The Courier-News (IL)'),(2290,'The Courier-News (NJ)'),(2291,'The Courier-Times (IN) '),(2292,'The Courier-Times (NC)'),(2293,'The Courier-Times (NE)'),(2294,'The Crescent Online (IN)'),(2295,'The Crescent-News (OH)'),(2296,'The Crittenden Press (KY)'),(2297,'The Crowley Post-Signal (LA)'),(2298,'The Cuero Record (TX)'),(2299,'The Daily American (IL)'),(2300,'The Daily American (PA)'),(2301,'The Daily Ardmoreite (OK)'),(2302,'The Daily Astorian (OR)'),(2303,'The Daily Californian (CA)'),(2304,'The Daily Clay County Advocate-Press (IL)'),(2305,'The Daily Commercial (FL)'),(2306,'The Daily Dispatch (NC)'),(2307,'The Daily Dunklin Democrat (MO)'),(2308,'The Daily Gazette (IL)'),(2309,'The Daily Gazette (NY)'),(2310,'The Daily Iberian (LA)'),(2311,'The Daily Independent (CA)'),(2312,'The Daily Independent (KY)'),(2313,'The Daily Inter Lake (MT)'),(2314,'The Daily Iowan (IA)'),(2315,'The Daily Item (PA)'),(2316,'The Daily Jeffersonian (OH)'),(2317,'The Daily Journal (IL)'),(2318,'The Daily Journal (MN)'),(2319,'The Daily Journal (VA)'),(2320,'The Daily Leader (IL)'),(2321,'The Daily Ledger (IL)'),(2322,'The Daily News (KY)'),(2323,'The Daily News (MA)'),(2324,'The Daily News (MI)'),(2325,'The Daily News (NC)'),(2326,'The Daily News (NC)'),(2327,'The Daily News (NY)'),(2328,'The Daily News (TN)'),(2329,'The Daily News (WA)'),(2330,'The Daily News (WA)'),(2331,'The Daily News Journal (TN)'),(2332,'The Daily News Leader (VA)'),(2333,'The Daily Nonpareil (IA) '),(2334,'The Daily Post-Athenian (TN)'),(2335,'The Daily Press (CA)'),(2336,'The Daily Press (WI)'),(2337,'The Daily Progress (VA)'),(2338,'The Daily Record (MD)'),(2339,'The Daily Record (OH)'),(2340,'The Daily Reflector (NC)'),(2341,'The Daily Register (IL)'),(2342,'The Daily Reporter (KS)'),(2343,'The Daily Reporter (MI)'),(2344,'The Daily Reporter (WI)'),(2345,'The Daily Republic (CA)'),(2346,'The Daily Republic (SD)'),(2347,'The Daily Republican (CA)'),(2348,'The Daily Review (CA)'),(2349,'The Daily Review (LA)'),(2350,'The Daily Sentinel (OH)'),(2351,'The Daily Standard (OH)'),(2352,'The Daily Star (LA)'),(2353,'The Daily Star (NY)'),(2354,'The Daily Tar Heel (NC)'),(2355,'The Daily Telegram (WI)'),(2356,'The Daily Times (IL)'),(2357,'The Daily Times (NM)'),(2358,'The Daily Times (TN)'),(2359,'The Daily Tribune (MN)'),(2360,'The Daily Tribune News (GA)'),(2361,'The Daily Triplicate (CA)'),(2362,'The Daily Union (KS)'),(2363,'The Daily Universe (UT)'),(2364,'The Daily Web (CA)'),(2365,'The Daily World (LA)'),(2366,'The Dallas Morning News (TX)'),(2367,'The Danville News (PA)'),(2368,'The Davis Enterprise (CA)'),(2369,'The Day (CT)'),(2370,'The DeLand Beacon (FL)'),(2371,'The Delavan Enterprise (WI)'),(2372,'The Delaware Gazette (OH)'),(2373,'The Democrat (MS)'),(2374,'The Depot (NC)'),(2375,'The Derrick (PA)'),(2376,'The Desert Dispatch (CA)'),(2377,'The Desert Sun (CA)'),(2378,'The Desert Trail (CA)'),(2379,'The Detroit News (MI)'),(2380,'The Dispatch (IL)'),(2381,'The Dispatch (WA)'),(2382,'The Dispatch Record (TX)'),(2383,'The Dodge County News (GA)'),(2384,'The Drummer (MN)'),(2385,'The Duncan Banner (OK)'),(2386,'The Dunlap Reporter (IA)'),(2387,'The Eagle (NJ)'),(2388,'The Eagle Press (TX)'),(2389,'The Eagle Times (NH)'),(2390,'The Eaton Register Herald (OH)'),(2391,'The Eatonton Messenger (GA)'),(2392,'The Edmond Sun (OK)'),(2393,'The El Campo Leader-News (TX)'),(2394,'The Elberton Star & Examiner (GA)'),(2395,'The Elburn Herald (IL)'),(2396,'The Elk Valley Times (TN)'),(2397,'The Ellsworth American (ME)'),(2398,'The Enterprise (IN)'),(2399,'The Enterprise (MA)'),(2400,'The Enterprise (NE)'),(2401,'The Enterprise (VA)'),(2402,'The Enterprise-Record (CA)'),(2403,'The Evening News (MI)'),(2404,'The Evening Star (IN)'),(2405,'The Evening Sun (NY)'),(2406,'The Evening Sun (PA)'),(2407,'The Evening Telegram (NY)'),(2408,'The Evening Times (NY)'),(2409,'The Evening Times (PA)'),(2410,'The Evening Tribune (NY)'),(2411,'The Event (UT)'),(2412,'The Examiner (MO)'),(2413,'The Examiner (TX)'),(2414,'The Exponent (MI)'),(2415,'The Express (PA)'),(2416,'The Express-Times (PA)'),(2417,'The Forest-Blade (GA)'),(2418,'The Forum (ND)'),(2419,'The Franklin Banner-Tribune (LA)'),(2420,'The Franklin Press (NC)'),(2421,'The Frederick News-Post (MD)'),(2422,'The Free Lance (CA)'),(2423,'The Free Lance-Star (VA)'),(2424,'The Free Press (ME)'),(2425,'The Free Press (MN)'),(2426,'The Fresno Bee (CA)'),(2427,'The Fulton County News (PA)'),(2428,'The Gaffney Ledger (SC)'),(2429,'The Gainesville Sun (FL)'),(2430,'The Galt Herald (CA)'),(2431,'The Galveston County Daily News (TX)'),(2432,'The Garden City Telegram (KS)'),(2433,'The Garden Island (HI)'),(2434,'The Gaston Gazette (NC)'),(2435,'The Gazette (VA)'),(2436,'The Gazette Weekly (MO)'),(2437,'The Gazette-Enterprise (TX)'),(2438,'The Gettysburg Times (PA)'),(2439,'The Gleaner (KY)'),(2440,'The Grand Island Independent (NE)'),(2441,'The Granite State News (NH)'),(2442,'The Gray News (ME)'),(2443,'The Green Bay News-Chronicle (WI)'),(2444,'The Greeneville Sun (TN)'),(2445,'The Greenville News (SC)'),(2446,'The Groton Independent (SD)'),(2447,'The Hammonton Gazette (NJ)'),(2448,'The Hancock Clarion (KY)'),(2449,'The Hattiesburg American (MS)'),(2450,'The Haverhill Gazette (MA)'),(2451,'The Havre Daily News (MT)'),(2452,'The Hawk Eye (IA)'),(2453,'The Hays Daily News (KS)'),(2454,'The Hazen Star (ND)'),(2455,'The Henry Herald (GA)'),(2456,'The Herald (IL)'),(2457,'The Herald (IL)'),(2458,'The Herald (NM)'),(2459,'The Herald (PA)'),(2460,'The Herald (SC)'),(2461,'The Herald (WA)'),(2462,'The Herald Journal (UT)'),(2463,'The Herald Leader (GA)'),(2464,'The Herald News (MA)'),(2465,'The Herald-Chronicle (TN)'),(2466,'The Herald-Coaster (TX)'),(2467,'The Herald-Dispatch (WV)'),(2468,'The Herald-Gazette (GA)'),(2469,'The Herald-Mail (MD)'),(2470,'The Herald-News (IL)'),(2471,'The Herald-News (TN)'),(2472,'The Herald-Press (ND)'),(2473,'The Herald-Sun (NC)'),(2474,'The Hickory Daily Record (NC)'),(2475,'The Highlander (NC)'),(2476,'The Highlander (TX)'),(2477,'The Hill'),(2478,'The Home News Tribune (NJ)'),(2479,'The Honolulu Advertiser (HI)'),(2480,'The Hour (CT)'),(2481,'The Houston Gazette (TX)'),(2482,'The Huntsville Item (TX)'),(2483,'The Hutchinson News (KS)'),(2484,'The Idaho Statesman (ID)'),(2485,'The Ile Camera (MI)'),(2486,'The Independent (CA)'),(2487,'The Independent (MI)'),(2488,'The Independent (NY)'),(2489,'The Independent (OH)'),(2490,'The Independent (VT)'),(2491,'The Independent FL Alligator (FL)'),(2492,'The Independent Tribune (NC)'),(2493,'The Index-Journal (SC)'),(2494,'The Indiana Gazette (PA)'),(2495,'The Indianapolis Recorder (IN)'),(2496,'The Indianapolis Star/News (IN)'),(2497,'The Inquirer and Mirror (MA)'),(2498,'The Intelligencer/Wheeling News-Register (WV)'),(2499,'The Inter-County Leader (WI)'),(2500,'The Inter-Mountain (WV)'),(2501,'The Ironton Tribune (OH)'),(2502,'The Island Packet (SC)'),(2503,'The Islands\' Sounder (WA)'),(2504,'The Item (Sumter)'),(2505,'The Jackson Independent (LA)'),(2506,'The Jackson Sun (TN)'),(2507,'The Jamestown Sun (ND)'),(2508,'The Janesville Gazette (WI)'),(2509,'The Jefferson City News-Tribune (MO)'),(2510,'The Jewish Advocate (MA)'),(2511,'The Johnson Journal (GA)'),(2512,'The Jones County News (GA)'),(2513,'The Joplin Globe (MO)'),(2514,'The Journal (MN)'),(2515,'The Journal (WV)'),(2516,'The Journal News (NY)'),(2517,'The Journal of Commerce (NY)'),(2518,'The Journal of the San Juan Islands (WA)'),(2519,'The Journal Record (OK)'),(2520,'The Journal Times (WI)'),(2521,'The Journal-Enterprise (KY)'),(2522,'The Journal-Gazette (IN)'),(2523,'The Journal-Register (NY)'),(2524,'The Journal-Standard (IL)'),(2525,'The Jupiter Courier (FL)'),(2526,'The Kalkaskian (MI)'),(2527,'The Kansas City Kansasn (KS)'),(2528,'The Kansas City Star (MO)'),(2529,'The Keene Sentinel (NH)'),(2530,'The Kennebec Journal (ME)'),(2531,'The Kent County Daily Times (RI)'),(2532,'The Kentucky Post (KY)'),(2533,'The Kingfisher Times & Free Press (OK)'),(2534,'The Knoxville News-Sentinel (TN)'),(2535,'The La Porte Herald-Argus (IN)'),(2536,'The Lake and Valley Clarion (NY)'),(2537,'The Lake County Leader (MT)'),(2538,'The Lancaster News (SC)'),(2539,'The Landmark (MA)'),(2540,'The Lapeer County Press (MI)'),(2541,'The Laurinburg Exchange (NC)'),(2542,'The Leader (NC)'),(2543,'The Leader (NY)'),(2544,'The Leader (WA)'),(2545,'The Leader News (ND)'),(2546,'The Leader-Herald (NY)'),(2547,'The Leaf-Chronicle (TN)'),(2548,'The Leavenworth Times (KS)'),(2549,'The Lebanon Daily Record (MO)'),(2550,'The Lebanon Democrat (TN)'),(2551,'The Lebanon Reporter (IN)'),(2552,'The Ledger (FL)'),(2553,'The Ledger Online (VA)'),(2554,'The Ledger-Independent (KY)'),(2555,'The Leelanau Enterprise (MI)'),(2556,'The Leesville Daily Leader (LA)'),(2557,'The Lemmon Leader (SD)'),(2558,'The Lennox Independent (SD)'),(2559,'The Lima News (OH)'),(2560,'The Louisville Cardinal (KY)'),(2561,'The Lowell Sun (MA)'),(2562,'The Macomb Daily (MI)'),(2563,'The Madison Daily Leader (SD)'),(2564,'The Madison Eagle (NJ)'),(2565,'The Madison Press (OH)'),(2566,'The Madison Times (WI)'),(2567,'The Main Line Times (PA)'),(2568,'The Manhattan Mercury (KS)'),(2569,'The Marietta Leader (OH)'),(2570,'The Marlette Leader (MI)'),(2571,'The Marshall Democrat-News (MO)'),(2572,'The Martinsville Bulletin (VA)'),(2573,'The Maui News (HI)'),(2574,'The McCook Daily Gazette (NE)'),(2575,'The McDowell News (NC)'),(2576,'The Medina County Gazette (OH)'),(2577,'The Mendocino Beacon (CA)'),(2578,'The Mercury (PA)'),(2579,'The Mesquite News (TX)'),(2580,'The Messenger (KY)'),(2581,'The Messenger (SC)'),(2582,'The Metropolitan Spirit (GA)'),(2583,'The Miami Herald (FL)'),(2584,'The Miamisburg News (OH)'),(2585,'The Milford Cabinet (NH)'),(2586,'The Miller Press (SD)'),(2587,'The Minneota Mascot (MN)'),(2588,'The Minnesota Daily (MN)'),(2589,'The Mirror (KS)'),(2590,'The Mississippi Press (MS)'),(2591,'The Missourian (MO)'),(2592,'The Mobridge Tribune (SD)'),(2593,'The Modesto Bee (CA)'),(2594,'The Monitor (TX)'),(2595,'The Monitor (TX)'),(2596,'The Monitor (WA)'),(2597,'The Monroe Evening News (MI)'),(2598,'The Monroe Times (OH)'),(2599,'The Montana Standard (MT)'),(2600,'The Montclair Times (NJ)'),(2601,'The Monterey County Herald (CA)'),(2602,'The Morgan Messenger (WV)'),(2603,'The Morning Call (PA)'),(2604,'The Morning Journal (OH)'),(2605,'The Morning Sun (KS)'),(2606,'The Moscow-Pullman Daily News (ID)'),(2607,'The Mountain Times (NC)'),(2608,'The Mountain Times (VT)'),(2609,'The Murray Ledger & Times (KY)'),(2610,'The Napa Valley Register (CA)'),(2611,'The Narragansett Times (RI)'),(2612,'The Natchez Democrat (MS)'),(2613,'The Nevada Daily Mail (MO)'),(2614,'The New Jersey Herald (NJ)'),(2615,'The New Mexico Jewish Link (NM)'),(2616,'The New York Law Journal (NY)'),(2617,'The New York Times (NY)'),(2618,'The Newberg Graphic (OR)'),(2619,'The News & Advance (VA)'),(2620,'The News & Observer (NC)'),(2621,'The News (SC)'),(2622,'The News and Sentinel (NH)'),(2623,'The News Banner (LA)'),(2624,'The News Dispatch (IN)'),(2625,'The News Guard (OR)'),(2626,'The News Herald (FL)'),(2627,'The News Herald (MI)'),(2628,'The News Herald (NC)'),(2629,'The News Press (OK)'),(2630,'The News Reporter (NC)'),(2631,'The News Tribune (WA)'),(2632,'The News-Enterprise (KY)'),(2633,'The News-Gazette (IL)'),(2634,'The News-Gazette (VA)'),(2635,'The News-Herald (OH)'),(2636,'The News-Journal (FL)'),(2637,'The News-Journal (NC)'),(2638,'The News-Press (FL)'),(2639,'The News-Review (NY)'),(2640,'The News-Review (OR)'),(2641,'The News-Sentinal (IN)'),(2642,'The News-Star (LA)'),(2643,'The News-Sun (FL)'),(2644,'The News-Sun (IL)'),(2645,'The News-Sun (IN)'),(2646,'The Newton Daily News (IA)'),(2647,'The Newton Kansan (KS)'),(2648,'The North Kingstown Standard Times (RI)'),(2649,'The North Platte Telegraph (NE)'),(2650,'The Northwest Florida Daily News (FL)'),(2651,'The Northwest Herald (IL)'),(2652,'The Nugget Newspaper (OR)'),(2653,'The Oak Ridger (TN)'),(2654,'The Oakland Press (MI)'),(2655,'The Oakland Tribune (CA)'),(2656,'The Observer (NM)'),(2657,'The Octopus (IL)'),(2658,'The Oklahoman (OK)'),(2659,'The Olathe Daily News (KS)'),(2660,'The Oldham Era (KY)'),(2661,'The Olympian (WA)'),(2662,'The Oneida Daily Dispatch (NY)'),(2663,'The Orlando Sentinel (FL)'),(2664,'The Orlando Times (FL)'),(2665,'The Ottumwa Courier (IA)'),(2666,'The Ouachita Citizen (LA)'),(2667,'The Oxford Eagle (MS)'),(2668,'The Ozona Stockman (TX)'),(2669,'The Paducah Sun (KY)'),(2670,'The Paintsville Herald (KY)'),(2671,'The Pampa News (TX)'),(2672,'The Pantagraph (IL)'),(2673,'The Papillion Times (NE)'),(2674,'The Paris News (TX)'),(2675,'The Parkston Advance (SD)'),(2676,'The Parthenon (WV)'),(2677,'The Pasadena Citizen (TX)'),(2678,'The Patriot and Free Press (NY)'),(2679,'The Patriot Ledger (MA)'),(2680,'The Paynesville Press (MN)'),(2681,'The Peninsula Gateway (WA)'),(2682,'The People News (TN)'),(2683,'The Peru Tribune (IN)'),(2684,'The Phoenix (PA)'),(2685,'The Pilot (NC)'),(2686,'The Pilot News (IN)'),(2687,'The Pilot-Independent (MN)'),(2688,'The Pinnacle (CA)'),(2689,'The Pioneer Review (SD)'),(2690,'The Plain Dealer (OH)'),(2691,'The Pocahontas Times (WV)'),(2692,'The Point (SC)'),(2693,'The Pompano Ledger (FL)]'),(2694,'The Ponca City News (OK)'),(2695,'The Port Planet (MA)'),(2696,'The Post & Mail (IN)'),(2697,'The Post and Courier (SC)'),(2698,'The Post-Standard/Syracuse Herald-Journal (NY)'),(2699,'The Post-Star (NY)'),(2700,'The Press (IL)'),(2701,'The Press (OH)'),(2702,'The Press Democrat (CA)'),(2703,'The Press of Atlantic City (NJ)'),(2704,'The Press Sentinel (GA)'),(2705,'The Press Tribune (CA)'),(2706,'The Princeton Packet (NJ)'),(2707,'The Progress (TX)'),(2708,'The Progress News (PA)'),(2709,'The Queens Courier (NY)'),(2710,'The Queens Gazette (NY)'),(2711,'The Record (CA)'),(2712,'The Record (KS)'),(2713,'The Record (NC)'),(2714,'The Record (NY)'),(2715,'The Record Herald (PA)'),(2716,'The Record Online (NJ)'),(2717,'The Recorder (MA)'),(2718,'The Reflector (WA)'),(2719,'The Regal Courier (OR)'),(2720,'The Register-Guard (OR)'),(2721,'The Reminder (MA)'),(2722,'The Reporter (CA)'),(2723,'The Republic (IN)'),(2724,'The Republican Journal (ME)'),(2725,'The Review (OH)'),(2726,'The Review (WI)'),(2727,'The Revue & News (GA)'),(2728,'The Richfield Reaper (UT)'),(2729,'The Ritchie Gazette (WV)'),(2730,'The Riverfront Times (MO)'),(2731,'The Robesonian (NC)'),(2732,'The Rochester Sentinel (IN)'),(2733,'The Rock Island Argus (IL)'),(2734,'The Rockdale Citizen (GA)'),(2735,'The Rockdale Reporter (TX)'),(2736,'The Rogersville Review (TN)'),(2737,'The Roslyn News (NY)'),(2738,'The Round Rock Leader (TX)'),(2739,'The Sacramento Bee (CA)'),(2740,'The Saint Augustine Record (FL)'),(2741,'The Salem Evening News (MA)'),(2742,'The Salina Journal (KS)'),(2743,'The Salt Lake Tribune (UT)'),(2744,'The Sampson Independent (NC)'),(2745,'The San Bernardino County Sun (CA)'),(2746,'The San Diego Union-Tribune (CA)'),(2747,'The Sanford Herald (NC)'),(2748,'The Santa Fe New Mexican (NM)'),(2749,'The Saratogian (NY)'),(2750,'The Sauk Prairie Eagle (WI)'),(2751,'The Seattle Press (WA)'),(2752,'The Seattle Times (WA)'),(2753,'The Seminole Producer (OK)'),(2754,'The Sentinel (Carlisle-PA)'),(2755,'The Sentinel (Lewistown-PA)'),(2756,'The Sentinel (MN)'),(2757,'The Sentinel (NY)'),(2758,'The Sentinel (NY)'),(2759,'The Shelbyville News (IN)'),(2760,'The Sheridan News (IN)'),(2761,'The Sheridan Press (WY)'),(2762,'The Sidney Daily News (OH)'),(2763,'The Sidney Sun-Telegraph (NE)'),(2764,'The Signal (CA)'),(2765,'The Signpost (UT)'),(2766,'The Sisseton Courier (SD)'),(2767,'The Smithfield Times (VA)'),(2768,'The Somerville Journal (MA)'),(2769,'The Sounder (WI)'),(2770,'The Source (OR)'),(2771,'The South Boston Gazette-Virginian (VA)'),(2772,'The South Coast Beacon (CA)'),(2773,'The South Idaho Press (ID)'),(2774,'The South Reporter (MS)'),(2775,'The Spectrum (UT)'),(2776,'The Spokesman-Review (WA)'),(2777,'The Sporting News (MO)'),(2778,'The Standard-Times (MA)'),(2779,'The Standard-Times (RI)'),(2780,'The Star (FL)'),(2781,'The Star (MN)'),(2782,'The Star Gazette (MN)'),(2783,'The Star Press (IN)'),(2784,'The Star-Democrat/Sunday Star (MD)'),(2785,'The Star-News (CA)'),(2786,'The Star-News (ID)'),(2787,'The State (SC)'),(2788,'The State Journal-Register (IL)'),(2789,'The State Port Pilot (NC)'),(2790,'The Statesboro Herald (GA)'),(2791,'The Stoneham Independent (MA)'),(2792,'The Stuart News (FL)'),(2793,'The Suffolk Times (NY)'),(2794,'The Sun (WA)'),(2795,'The Sun Chronicle (MA)'),(2796,'The Sun Herald (MS)'),(2797,'The Sun Journal (NC)'),(2798,'The Sun Journal (OH)'),(2799,'The Sun News (SC)'),(2800,'The Sunbury News (OH)'),(2801,'The Superior Express (NE)'),(2802,'The Tampa Tribune(FL)'),(2803,'The Taylorsville Times (NC)'),(2804,'The Telegram (WY)'),(2805,'The Telegraph (IL)'),(2806,'The Telegraph (IL)'),(2807,'The Telegraph (NH)'),(2808,'The Tennessean (TN)'),(2809,'The Terrell Tribune (TX)'),(2810,'The Timberjay (MN)'),(2811,'The Times (IN)'),(2812,'The Times (LA)'),(2813,'The Times (LA)'),(2814,'The Times (MS)'),(2815,'The Times (NJ)'),(2816,'The Times Argus (VT)'),(2817,'The Times Courier (GA)'),(2818,'The Times Herald (PA)'),(2819,'The Times Journal (OH)'),(2820,'The Times Leader (OH)'),(2821,'The Times Leader (PA)'),(2822,'The Times News (PA)'),(2823,'The Times Record (ME)'),(2824,'The Times-Gazette (OH)'),(2825,'The Times-Mail (IN)'),(2826,'The Times-News (ID)'),(2827,'The Times-Picayune (LA)'),(2828,'The Times-Reporter (OH)'),(2829,'The Times-Sentinel (KS)'),(2830,'The Tomahawk (TN)'),(2831,'The Topeka Capital-Journal (KS)'),(2832,'The Town-Crier (FL)'),(2833,'The Trentonian (NJ)'),(2834,'The Tribune (CA)'),(2835,'The Tribune (FL)'),(2836,'The Tribune-Chronicle (OH)'),(2837,'The Tribune-Democrat (PA)'),(2838,'The Union (CA)'),(2839,'The Union Democrat (CA)'),(2840,'The Union Leader (NH)'),(2841,'The Union-Bulletin (WA)'),(2842,'The University Daily Kansas'),(2843,'The Valley Chronicle (CA)'),(2844,'The Valley Herald (PA)'),(2845,'The Valley Reporter (VT)'),(2846,'The Venice Gondolier (FL)'),(2847,'The Victoria Advocate (TX)'),(2848,'The Vidette (WA)'),(2849,'The Villager (NY)'),(2850,'The Vineyard Gazette (MA)'),(2851,'The Virginian-Pilot (VA)'),(2852,'The Voice-Tribune (KY)'),(2853,'The Wake Weekly (NC)'),(2854,'The Walton Sun (FL)'),(2855,'The Walton Tribune (GA)'),(2856,'The Wanderer (MA)'),(2857,'The Warren Sentinel (VA)'),(2858,'The Washington Evening Journal (IA)'),(2859,'The Watertown Public Opinion (SD)'),(2860,'The Wausau Daily Herald (WI)'),(2861,'The Wave of Long Island (NY)'),(2862,'The Wayne Independent (PA)'),(2863,'The Weekender (PA)'),(2864,'The Weekly (GA)'),(2865,'The Weekly Journal (PA)'),(2866,'The Weekly Post (NC)'),(2867,'The Weirs Times (NH)'),(2868,'The Wellesley Townsman (MA)'),(2869,'The Wenatchee World (WA)'),(2870,'The West Orange Times (FL)'),(2871,'The Westbury Times (NY)'),(2872,'The Western Star (OH)'),(2873,'The Westfield Leader (NJ)'),(2874,'The Weston Democrat (WV)'),(2875,'The Whittier Daily News (CA)'),(2876,'The Wichita Eagle (KS)'),(2877,'The Williston Pioneer (FL)'),(2878,'The Wilson County News (TX)'),(2879,'The Wilson Daily Times (NC)'),(2880,'The Wilson World (TN)'),(2881,'The Winchester Star (VA)'),(2882,'The Winchester Sun (KY)'),(2883,'The Woodstock Independent (IL)'),(2884,'The World (OR)'),(2885,'The World (VT)'),(2886,'Thief River Falls Times (MN)'),(2887,'This Week (OH)'),(2888,'This Week Newspapers (MN)'),(2889,'Thomasville Times (AL)'),(2890,'Thomasville Times (NC)'),(2891,'Thomasville Times-Enterprise (GA)'),(2892,'Three Village Times (NY)'),(2893,'Tideland News (NC)'),(2894,'Tifton Gazette (GA)'),(2895,'Timberon Mountaineer (NM)'),(2896,'Times Community Newspapers (VA)'),(2897,'Times Daily (AL)'),(2898,'Times Dispatch (AR)'),(2899,'Times Express (PA)'),(2900,'Times Free Press (TN)'),(2901,'Times Guardian (TX)'),(2902,'Times Herald-Record (NY)'),(2903,'Times News (UT)'),(2904,'Times Newspapers (MO)'),(2905,'Times Publications (AZ)'),(2906,'Times Publications (AZ)'),(2907,'Times Record News (TX)'),(2908,'Times Sentinel (IN)'),(2909,'Times-Beacon Newspapers (NJ)'),(2910,'Times-Beacon-Record (NY)'),(2911,'Times-Bulletin (OH)'),(2912,'Times-Citizen (IA)'),(2913,'Times-Herald (AR)'),(2914,'Times-News (AR)'),(2915,'Times-News (NC)'),(2916,'Times-Record (AL)'),(2917,'Times-Record (AR)'),(2918,'Times-Record (ND)'),(2919,'Times-Standard (CA)'),(2920,'Times-Union (IN)'),(2921,'Times-West Virginian (WV)'),(2922,'Tinley Park Star (IL)'),(2923,'Titusville Herald (PA)'),(2924,'Tobacco Valley News (MT)'),(2925,'Today in Batesville & Oldenburg (IN)'),(2926,'Today\'s News-Herald (AZ)'),(2927,'Tomahawk Leader (WI)'),(2928,'Tombstone News (AZ)'),(2929,'Topsail Voice (NC)'),(2930,'Touchet Valley Graphic (WA)'),(2931,'Town Hal'),(2932,'Town Times (CT)'),(2933,'Tracy Press (CA)'),(2934,'Transcript Bulletin (UT)'),(2935,'Traverse City Record-Eagle (MI)'),(2936,'Treasure Valley Christian News (ID)'),(2937,'Trenton Downtown (NJ)'),(2938,'Triangle Business Journal (NC)'),(2939,'Tribuna (CT)'),(2940,'Tribune (GA)'),(2941,'Tribune Courier (KY)'),(2942,'Tribune-Democrat (CO)'),(2943,'Tribune-Phonograph (WI)'),(2944,'Tribune-Review (PA)'),(2945,'Tribune-Star (IN)'),(2946,'Tri-City Herald (WA)'),(2947,'Tri-County Press (WI)'),(2948,'Tri-County Times (MI)'),(2949,'Tri-County Weekly (MO)'),(2950,'Trinidad Times Independent (CO)'),(2951,'Tripp Star-Ledger (SD)'),(2952,'Tri-Valley Herald (CA)'),(2953,'Troy Daily News (OH)'),(2954,'Troy Eccentric (MI)'),(2955,'Troy Messenger (AL)'),(2956,'Trumbull Times (CT)'),(2957,'Trussville News (AL)'),(2958,'Tucson Citizen (AZ)'),(2959,'Tucson Weekly (AZ)'),(2960,'Tullahoma News (TN)'),(2961,'Tullahoma News Leader (TN)'),(2962,'Tulsa Free Press (OK)'),(2963,'Tulsa Today (OK)'),(2964,'Tulsa World (OK)'),(2965,'Tundra Drums (AK)'),(2966,'Turnagain Times (AK)'),(2967,'Tuscaloosa News (AL)'),(2968,'Tuscola County Advertiser (MI)'),(2969,'Tuskegee News (AL)'),(2970,'Twin Cities Business (MN)'),(2971,'U.S. 1 (NJ)'),(2972,'Uintah Basin Standard (UT)'),(2973,'Ukiah Daily Journal (CA)'),(2974,'Underwood News (ND)'),(2975,'Union Boundary (OK)'),(2976,'Union City Daily Messenger (TN)'),(2977,'Union County Advocate (KY)'),(2978,'Union Daily Times (SC)'),(2979,'Union Leader (NJ)'),(2980,'Union-News (MA)'),(2981,'Up and Coming Magazine (NC)'),(2982,'Upper Dauphin Sentinel (PA)'),(2983,'Urban Tulsa (OK)'),(2984,'Urbana Daily Citizen (OH)'),(2985,'USA Today (VA)'),(2986,'Utah Press Association (UT)'),(2987,'Utah Statesman Online (UT)'),(2988,'Uvalde Leader News (TX)'),(2989,'Vail Daily (CO)'),(2990,'Valdez Star (AK)'),(2991,'Valdosta Daily Times (GA)'),(2992,'Vallejo Times-Herald (CA)'),(2993,'Valley Advocate (MA)'),(2994,'Valley Courier (CO)'),(2995,'Valley Gazette (CT)'),(2996,'Valley Independent (PA)'),(2997,'Valley Journal (MN)'),(2998,'Valley Morning Star (TX)'),(2999,'Valley News (VT)'),(3000,'Valley News and Salina Sun (UT)'),(3001,'Valley News Dispatch (PA)'),(3002,'Valley Newspaper Inc. (AZ)'),(3003,'Valley Press-Banner (CA)'),(3004,'Valley Roadrunner (CA)'),(3005,'Valley Stream Herald (NY)'),(3006,'Valley Times-News (AL)'),(3007,'Valley Times-News (GA)'),(3008,'Valleyplanet.com (AL)'),(3009,'Van Buren County Democrat (AR)'),(3010,'Van Horn Advocate (TX)'),(3011,'Van Zandt News (TX)'),(3012,'Vancouver Business Journal (WA)'),(3013,'Vashon-Maury Island Beachcomber (WA)'),(3014,'Ventura County Star (CA)'),(3015,'Verde Independent (AZ)'),(3016,'Vermont Life (VT)'),(3017,'Vermont Sports (VT)'),(3018,'Vernal Express (UT)'),(3019,'Vernon Hills Review (IL)'),(3020,'Vernon Publishing Newspapers (MO)'),(3021,'Versailles Republican (IN)'),(3022,'Vicksburg Post (MS)'),(3023,'Victoria Gazette (MN)'),(3024,'Vida en el Valle (CA)'),(3025,'View Newspapers (NV)'),(3026,'Village Herald (NY)'),(3027,'Village Voice (AR)'),(3028,'Village Voice (NY)'),(3029,'Ville Platte Gazette (LA)'),(3030,'Vincennes Sun-Commercial (IN)'),(3031,'Virginia Press Association (VA)'),(3032,'Virginian Review (VA)'),(3033,'Voices of Central PA (PA)'),(3034,'VoicesNews.com (CT)'),(3035,'Wabash Plain Dealer (IN)'),(3036,'Waco Tribune-Herald (TX)'),(3037,'Waconia Patriot (MN)'),(3038,'Wadena Pioneer Journal (MN)'),(3039,'Waikiki News (HI)'),(3040,'Waldron News (AR)'),(3041,'Walker Messenger (GA)'),(3042,'Wallowa County Chieftain (OR)'),(3043,'Walpole Times (MA)'),(3044,'Wapakoneta Daily News (OH)'),(3045,'Warren Times-Gazette (RI)'),(3046,'Warwick Beacon (RI)'),(3047,'Wasatch Wave (UT)'),(3048,'Washington Business Journal (VA)'),(3049,'Washington Business Jrnl'),(3050,'Washington City Paper'),(3051,'Washington Examiner'),(3052,'Washington Newspaper Publishers Association (WA)'),(3053,'Washington Post'),(3054,'Washington Times'),(3055,'Washington Times-Herald (IN)'),(3056,'Watauga Democrat (NC)'),(3057,'Waterbury Observer (CT)'),(3058,'Waterbury Republican (CT)'),(3059,'Waterford Eccentric (MI)'),(3060,'Waterfront News (FL)'),(3061,'Waterloo/Cedar Falls Courier (IA)'),(3062,'Watertown Daily Times (WI)'),(3063,'Watertown Tab & Press (MA)'),(3064,'Watsonville Register-Pajaronian (CA)'),(3065,'Waukesha Freeman (WI)'),(3066,'Waukon Standard (IA)'),(3067,'Waunakee Tribune (WI)'),(3068,'Waushara Argus (WI)'),(3069,'Wauwatosa News-Times (WI)'),(3070,'Wave (DE)'),(3071,'Waxahachie Daily Light (TX)'),(3072,'Waycross Journal-Herald (GA)'),(3073,'Wayland Town Crier & Tab (MA)'),(3074,'Wayne County Journal-Banner (MO)'),(3075,'Wayne Eagle (MI)'),(3076,'Wayne Suburban (PA)'),(3077,'Weakley County Press (TN)'),(3078,'Weatherford Daily News (OK)'),(3079,'Weatherford Democrat (TX)'),(3080,'Wednesday Journal (IL)'),(3081,'Weekly Alibi (NM)'),(3082,'Weekly Eagle (TN)'),(3083,'Weekly Planet (FL)'),(3084,'Weekly Surveyor (CO)'),(3085,'Weekly Vista (AR)'),(3086,'Weimar Mercury (TX)'),(3087,'Weirton Daily Times (WV)'),(3088,'Weiser Signal American (ID)'),(3089,'Wellington Daily News (KS)'),(3090,'Wellsville Daily Reporter (NY)'),(3091,'West Allis Star (WI)'),(3092,'West Bend Daily News (WI)'),(3093,'West Bloomfield-Lakes Eccentric (MI)'),(3094,'West Central Tribune (MN)'),(3095,'West Hawaii Today (HI)'),(3096,'West Liberty Index (IA)'),(3097,'West Plains Daily Quill (MO)'),(3098,'West Point News (NE)'),(3099,'West Proviso Herald (IL)'),(3100,'West Valley View (AZ)'),(3101,'West Virginia Press Association (WV)'),(3102,'West Yellowstone News (MT)'),(3103,'Western Nebraska Observer (NE)'),(3104,'Western News (MT)'),(3105,'Westine Report (WI)'),(3106,'Westlake Picayune (TX)'),(3107,'Westland Observer (MI)'),(3108,'Weston Forum (CT)'),(3109,'Westosha Report (WI)'),(3110,'Westport Hamlet Hub (CT)'),(3111,'Westport Minuteman (CT)'),(3112,'Westport News (CT)'),(3113,'WestportNow.com (CT)'),(3114,'Westword (CO)'),(3115,'Wet Mountain Tribune (CO)'),(3116,'Wetumpka Herald (AL)'),(3117,'Wharton Journal-Spectator (TX)'),(3118,'Wheaton Sun (IL)'),(3119,'Wheeling Countryside (IL)'),(3120,'Whidbey News-Times (WA)'),(3121,'White Hall Journal (AR)'),(3122,'White Lake Beacon (MI)'),(3123,'White Mountain Independent (AZ)'),(3124,'White River Current (AR)'),(3125,'Whitefish Bay Herald (WI)'),(3126,'Whitefish Pilot (MT)'),(3127,'Wichita Business Journal (KS)'),(3128,'Wickenburg Sun (AZ)'),(3129,'Willamette Week (OR)'),(3130,'Williams News (AZ)'),(3131,'Williamson Daily News (WV)'),(3132,'Williamsport Sun-Gazette (PA)'),(3133,'Williston Daily Herald (ND)'),(3134,'Willow Glen Resident (CA)'),(3135,'Wilmette Life (IL)'),(3136,'Wilmington Morning Star (NC)'),(3137,'Wilmington News Journal (OH)'),(3138,'Wilton Bulletin (CT)'),(3139,'Wilton Hamlet Hub (CT)'),(3140,'Wilton Villager (CT)'),(3141,'Winchester News (VA)'),(3142,'Windsor Journal Weekly (CT)'),(3143,'Windsor Now (CO)'),(3144,'Winfield Daily Courier (KS)'),(3145,'Winnetka Talk (IL)'),(3146,'Winona Daily News (MN)'),(3147,'Winona Post (MN)'),(3148,'Winsted Lester Prairie Journal (MN)'),(3149,'Winston County Journal (MS)'),(3150,'Winston-Salem Journal (NC)'),(3151,'Winthrop Independent (MA)'),(3152,'Wiscasset Newspaper (ME)'),(3153,'Wisconsin Newspaper Association (WI)'),(3154,'Wisconsin State Journal (WI)'),(3155,'Wise County Messenger (TX)'),(3156,'Wood River Journal (ID)'),(3157,'Woodburn Independent (OR)'),(3158,'Woodbury Bulletin (MN)'),(3159,'Woodinville Weekly/Northlake News/Valley View (WA)'),(3160,'Woodland Progress (PA)'),(3161,'Woodmen Edition (CO)'),(3162,'Woodstocktimes (NY)'),(3163,'Woonsocket Call (RI)'),(3164,'Worcester Business Journal (MA)'),(3165,'Worcester Messenger (MD)'),(3166,'Worcester Telegram & Gazette (RI)'),(3167,'Wrangell Sentinel (AK)'),(3168,'Wrangler News (AZ)'),(3169,'Wyoming Livestock Roundup (WY)'),(3170,'Wyoming Tribune Eagle (WY)'),(3171,'Wyoming Webworks News (WY)'),(3172,'Yakima Herald-Republic (WA)'),(3173,'Yankton Daily Press & Dakotan (SD)'),(3174,'Yellow Springs News (OH)'),(3175,'Yellowstone Net Newspaper (MT)'),(3176,'Yellowstone Net Newspaper (WY)'),(3177,'York County Coast Star (ME)'),(3178,'York Daily Record (PA)'),(3179,'York Dispatch (PA)'),(3180,'York News Times (NE)'),(3181,'York Weekly (ME)'),(3182,'Your Community Shopper (TN)'),(3183,'Ypsilanti Courier (MI)'),(3184,'Ypsilanti Press (MI)'),(3185,'Yuma Sun (AZ)'),(3186,'Zephyr (IL)'),(3187,'Albuquerque Journal');
/*!40000 ALTER TABLE `newspapers` ENABLE KEYS */;
UNLOCK TABLES;

--
-- Table structure for table `officer`
--

DROP TABLE IF EXISTS `officer`;
/*!40101 SET @saved_cs_client     = @@character_set_client */;
/*!40101 SET character_set_client = utf8 */;
CREATE TABLE `officer` (
  `Officer_ID` smallint(6) NOT NULL AUTO_INCREMENT,
  `Name` varchar(100) NOT NULL,
  `Gender` enum('M','F') NOT NULL DEFAULT 'M',
  `Race_ID` smallint(6) NOT NULL,
  `Additional_Info` varchar(1000) DEFAULT NULL,
  PRIMARY KEY (`Officer_ID`),
  KEY `Race_ID` (`Race_ID`),
  CONSTRAINT `officer_ibfk_1` FOREIGN KEY (`Race_ID`) REFERENCES `race` (`Race_ID`)
) ENGINE=InnoDB AUTO_INCREMENT=15 DEFAULT CHARSET=latin1;
/*!40101 SET character_set_client = @saved_cs_client */;

--
-- Dumping data for table `officer`
--

LOCK TABLES `officer` WRITE;
/*!40000 ALTER TABLE `officer` DISABLE KEYS */;
INSERT INTO `officer` VALUES (1,'Diego','M',3,'test'),(9,'bill murry','M',3,NULL),(10,'Vincente Alvarado','M',4,NULL),(11,'Bill Smith','M',2,NULL),(12,'Bill Marist','M',4,'lkjkj'),(13,'bill dickson','M',4,'fdghfd'),(14,'Jim Beely','M',5,'lkjlkj');
/*!40000 ALTER TABLE `officer` ENABLE KEYS */;
UNLOCK TABLES;

--
-- Table structure for table `officer_assignment`
--

DROP TABLE IF EXISTS `officer_assignment`;
/*!40101 SET @saved_cs_client     = @@character_set_client */;
/*!40101 SET character_set_client = utf8 */;
CREATE TABLE `officer_assignment` (
  `Assignment_ID` smallint(6) NOT NULL AUTO_INCREMENT,
  `Assignment` varchar(100) NOT NULL,
  PRIMARY KEY (`Assignment_ID`)
) ENGINE=InnoDB AUTO_INCREMENT=13 DEFAULT CHARSET=latin1;
/*!40101 SET character_set_client = @saved_cs_client */;

--
-- Dumping data for table `officer_assignment`
--

LOCK TABLES `officer_assignment` WRITE;
/*!40000 ALTER TABLE `officer_assignment` DISABLE KEYS */;
INSERT INTO `officer_assignment` VALUES (7,'Detective / Investigator'),(8,'Federal Agent'),(9,'Narcotics'),(10,'Patrol Officer'),(11,'Plain Clothes (Undercover)'),(12,'SWAT Team');
/*!40000 ALTER TABLE `officer_assignment` ENABLE KEYS */;
UNLOCK TABLES;

--
-- Table structure for table `officer_call_type`
--

DROP TABLE IF EXISTS `officer_call_type`;
/*!40101 SET @saved_cs_client     = @@character_set_client */;
/*!40101 SET character_set_client = utf8 */;
CREATE TABLE `officer_call_type` (
  `Call_Type_ID` smallint(6) NOT NULL AUTO_INCREMENT,
  `Call_Type` varchar(100) NOT NULL,
  PRIMARY KEY (`Call_Type_ID`)
) ENGINE=InnoDB AUTO_INCREMENT=24 DEFAULT CHARSET=latin1;
/*!40101 SET character_set_client = @saved_cs_client */;

--
-- Dumping data for table `officer_call_type`
--

LOCK TABLES `officer_call_type` WRITE;
/*!40000 ALTER TABLE `officer_call_type` DISABLE KEYS */;
INSERT INTO `officer_call_type` VALUES (1,'Bomb Incident'),(2,'Burglary-in-Progress'),(3,'Disturbance Domestic'),(4,'Disturbance Fight'),(5,'Drug Related'),(6,'Drunk in Public'),(7,'Gang Related'),(8,'Incomplete 911'),(9,'Indecent Exposure'),(10,'Juvenile Problem'),(11,'Noise Complaint'),(12,'Other (Crime-in-Progress)'),(13,'Person with a Gun'),(14,'Robbery-in-Progress'),(15,'Self-Initiated'),(16,'Shots Fired / Heard'),(17,'Suspicious Activity'),(18,'Theft-in-Progress'),(19,'Traffic Related'),(20,'Trespass'),(21,'Wanted / Suspect'),(22,'Warrant Service'),(23,'Welfare Check');
/*!40000 ALTER TABLE `officer_call_type` ENABLE KEYS */;
UNLOCK TABLES;

--
-- Table structure for table `officer_department`
--

DROP TABLE IF EXISTS `officer_department`;
/*!40101 SET @saved_cs_client     = @@character_set_client */;
/*!40101 SET character_set_client = utf8 */;
CREATE TABLE `officer_department` (
  `Department_ID` smallint(6) NOT NULL AUTO_INCREMENT,
  `Department` varchar(100) NOT NULL,
  PRIMARY KEY (`Department_ID`)
) ENGINE=InnoDB AUTO_INCREMENT=134 DEFAULT CHARSET=latin1;
/*!40101 SET character_set_client = @saved_cs_client */;

--
-- Dumping data for table `officer_department`
--

LOCK TABLES `officer_department` WRITE;
/*!40000 ALTER TABLE `officer_department` DISABLE KEYS */;
INSERT INTO `officer_department` VALUES (1,'Alabama Bureau of Investigation'),(2,'Alabama Capitol Police'),(3,'Alabama Department of Corrections'),(4,'Alabama Department of Homeland Security'),(5,'Alabama Highway Patrol'),(6,'Alabama Marine Police'),(7,'Alabama State Parks Ranger Service'),(8,'Alabama State Port Authority Police'),(9,'Alaska Department of Corrections'),(10,'Alaska Department of Environmental Conservation'),(11,'Alaska State Park Rangers'),(12,'Alaska State Troopers'),(13,'Alaska Village Public Safety Officer Program'),(14,'Alaska Wildlife Enforcement Troopers'),(15,'Arizona Department of Corrections '),(16,'Arizona Game and Fish Department'),(17,'Arizona Highway Patrol '),(18,'Arizona Rangers'),(19,'Arizona State Capitol Police'),(20,'Arizona State Park Ranger Police'),(21,'Arkansas Department of Correction'),(22,'Arkansas Forestry Commission'),(23,'Arkansas Game and Fish Commission'),(24,'Arkansas Highway Police'),(25,'Arkansas State Capitol Police'),(26,'Arkansas State Park Rangers'),(27,'Arkansas State Police'),(28,'California Bureau of Firearms - Special Agents'),(29,'California Bureau of Investigation - Special Agents '),(30,'California Department of Fish and Game'),(31,'California Highway Patrol'),(32,'California State Hospital Police Officers'),(33,'California State Park Rangers'),(34,'Colorado Bureau of Investigation'),(35,'Colorado Department of Corrections'),(36,'Colorado State Patrol'),(37,'Connecticut Airport Police'),(38,'Connecticut Capitol Police'),(39,'Connecticut Department of Correction'),(40,'Connecticut Department of Environmental Protection Police'),(41,'Connecticut State Police'),(42,'Delaware Capitol Police'),(43,'Delaware Department of Correction'),(44,'Delaware Division of Alcohol and Tobacco Enforcement'),(45,'Delaware Fish and Wildlife Enforcement Agents'),(46,'Delaware State Detectives'),(47,'Delaware State Park Rangers'),(48,'Delaware State Police'),(49,'Florida Bureau of Park Patrol'),(50,'Florida Capitol Police'),(51,'Florida Department of Corrections'),(52,'Florida Fish and Wildlife Conservation Commission'),(53,'Florida Highway Patrol'),(54,'Georgia Bureau of Investigation '),(55,'Georgia Capitol Police'),(56,'Georgia Department of Corrections'),(57,'Georgia Port Authority'),(58,'Georgia State Patrol'),(59,'Georgia Stone Mountain Park Department of Public Safety'),(60,'Hawaii Airports Division Police'),(61,'Hawaii Division of Conservation and Resource Enforcement'),(62,'Hawaii Harbors Division Police'),(63,'Hawaii Narcotics Enforcement Division'),(64,'Hawaii State Sheriff\'s Office'),(65,'Idaho Conservation Officers (Fish&Game)'),(66,'Idaho Department of Correction'),(67,'Idaho State Police'),(68,'Illinois Conservation Police'),(69,'Illinois Department of Corrections'),(70,'Illinois Department of Investigations'),(71,'Illinois Secretary of State Capitol Police'),(72,'Illinois Secretary of State Police'),(73,'Illinois State Police'),(74,'Indiana Department of Correction'),(75,'Indiana Department of Natural Resources Law Enforcement Division'),(76,'Indiana Gaming Commission Enforcement, Investigation, and Control Division'),(77,'Indiana State Police'),(78,'Iowa Department of Corrections'),(79,'Iowa Department of Natural Resources Enforcement'),(80,'Iowa State Division of Criminal Investigation'),(81,'Iowa State Division of Narcotics Enforcement'),(82,'Iowa State Patrol'),(83,'Kansas Bureau of Investigation'),(84,'Kansas Capitol Police'),(85,'Kansas Department of Corrections'),(86,'Kansas Department of Wildlife and Parks'),(87,'Kansas Highway Patrol'),(88,'Kentucky Department of Corrections'),(89,'Kentucky Department of Fish and Wildlife Resources'),(90,'Kentucky Horse Park Officers'),(91,'Kentucky State Park Rangers'),(92,'Kentucky State Police'),(93,'Louisiana Crescent City Connection Police'),(94,'Louisiana Department of Corrections'),(95,'Louisiana Department of Wildlife & Fisheries - Enforcement Division'),(96,'Louisiana Division of Levee District Police'),(97,'Louisiana Office of State Parks - Enforcement Division'),(98,'Louisiana State Police'),(99,'Maine Bureau of Capitol Security'),(100,'Maine Department of Corrections'),(101,'Maine Drug Enforcement Agency'),(102,'Maine Forest Rangers'),(103,'Maine Marine Patrol'),(104,'Maine Park Rangers'),(105,'Maryland National Capital Park Police'),(106,'Maryland Park Service Rangers'),(107,'Maryland State Police'),(108,'Maryland Transit Administration Police'),(109,'Maryland Transportation Authority Police'),(110,'Massachusetts Bay Transportation Authority Police'),(111,'Massachusetts Department of Correction'),(112,'Massachusetts Environmental Police'),(113,'Massachusetts State Police'),(114,'Michigan Conservation Officers'),(115,'Michigan Department of Corrections'),(116,'Michigan State Police'),(117,'Minnesota Department of Corrections'),(118,'Minnesota Department of Natural Resources'),(119,'Minnesota State Patrol'),(120,'Mississippi Bureau of Investigation'),(121,'Mississippi Bureau of Narcotics'),(122,'Mississippi Capitol Police'),(123,'Mississippi Department of Corrections'),(124,'Mississippi Department of Wildlife, Fisheries and Parks'),(125,'Mississippi Highway Patrol'),(126,'Missouri Department of Corrections'),(127,'Missouri State Capitol Police'),(128,'Missouri State Highway Patrol'),(129,'Missouri State Park Rangers'),(130,'Montana Department of Corrections'),(131,'Montana Department of Fish, Wildlife, and Parks'),(132,'Albuquerque PD (NM)'),(133,'Albuquerque PD (NM)');
/*!40000 ALTER TABLE `officer_department` ENABLE KEYS */;
UNLOCK TABLES;

--
-- Table structure for table `officer_dept_type`
--

DROP TABLE IF EXISTS `officer_dept_type`;
/*!40101 SET @saved_cs_client     = @@character_set_client */;
/*!40101 SET character_set_client = utf8 */;
CREATE TABLE `officer_dept_type` (
  `Dept_Type_ID` smallint(6) NOT NULL AUTO_INCREMENT,
  `Dept_Type` varchar(100) NOT NULL,
  PRIMARY KEY (`Dept_Type_ID`)
) ENGINE=InnoDB AUTO_INCREMENT=5 DEFAULT CHARSET=latin1;
/*!40101 SET character_set_client = @saved_cs_client */;

--
-- Dumping data for table `officer_dept_type`
--

LOCK TABLES `officer_dept_type` WRITE;
/*!40000 ALTER TABLE `officer_dept_type` DISABLE KEYS */;
INSERT INTO `officer_dept_type` VALUES (1,'local'),(2,'Sheriff'),(3,'State'),(4,'Federal');
/*!40000 ALTER TABLE `officer_dept_type` ENABLE KEYS */;
UNLOCK TABLES;

--
-- Table structure for table `officer_mapping`
--

DROP TABLE IF EXISTS `officer_mapping`;
/*!40101 SET @saved_cs_client     = @@character_set_client */;
/*!40101 SET character_set_client = utf8 */;
CREATE TABLE `officer_mapping` (
  `ID` int(11) NOT NULL AUTO_INCREMENT,
  `Officer_ID` smallint(6) NOT NULL,
  `Incident_Officer_ID` int(11) NOT NULL,
  PRIMARY KEY (`ID`),
  KEY `Officer_ID` (`Officer_ID`),
  KEY `Incident_Officer_ID` (`Incident_Officer_ID`),
  CONSTRAINT `officer_mapping_ibfk_1` FOREIGN KEY (`Officer_ID`) REFERENCES `officer` (`Officer_ID`),
  CONSTRAINT `officer_mapping_ibfk_2` FOREIGN KEY (`Incident_Officer_ID`) REFERENCES `incident_officer` (`Incident_Officer_ID`) ON DELETE CASCADE
) ENGINE=InnoDB AUTO_INCREMENT=5 DEFAULT CHARSET=latin1;
/*!40101 SET character_set_client = @saved_cs_client */;

--
-- Dumping data for table `officer_mapping`
--

LOCK TABLES `officer_mapping` WRITE;
/*!40000 ALTER TABLE `officer_mapping` DISABLE KEYS */;
INSERT INTO `officer_mapping` VALUES (2,10,2),(3,11,3),(4,11,4);
/*!40000 ALTER TABLE `officer_mapping` ENABLE KEYS */;
UNLOCK TABLES;

--
-- Table structure for table `officer_status`
--

DROP TABLE IF EXISTS `officer_status`;
/*!40101 SET @saved_cs_client     = @@character_set_client */;
/*!40101 SET character_set_client = utf8 */;
CREATE TABLE `officer_status` (
  `Status_ID` smallint(6) NOT NULL AUTO_INCREMENT,
  `Status` varchar(100) NOT NULL,
  PRIMARY KEY (`Status_ID`)
) ENGINE=InnoDB AUTO_INCREMENT=5 DEFAULT CHARSET=latin1;
/*!40101 SET character_set_client = @saved_cs_client */;

--
-- Dumping data for table `officer_status`
--

LOCK TABLES `officer_status` WRITE;
/*!40000 ALTER TABLE `officer_status` DISABLE KEYS */;
INSERT INTO `officer_status` VALUES (1,'Suspended'),(2,'On-Duty'),(3,'Off-Duty'),(4,'Retired');
/*!40000 ALTER TABLE `officer_status` ENABLE KEYS */;
UNLOCK TABLES;

--
-- Table structure for table `race`
--

DROP TABLE IF EXISTS `race`;
/*!40101 SET @saved_cs_client     = @@character_set_client */;
/*!40101 SET character_set_client = utf8 */;
CREATE TABLE `race` (
  `Race_ID` smallint(6) NOT NULL AUTO_INCREMENT,
  `Race` varchar(20) NOT NULL,
  PRIMARY KEY (`Race_ID`)
) ENGINE=InnoDB AUTO_INCREMENT=6 DEFAULT CHARSET=latin1;
/*!40101 SET character_set_client = @saved_cs_client */;

--
-- Dumping data for table `race`
--

LOCK TABLES `race` WRITE;
/*!40000 ALTER TABLE `race` DISABLE KEYS */;
INSERT INTO `race` VALUES (1,'Asian'),(2,'Black'),(3,'Hispanic'),(4,'White'),(5,'Other');
/*!40000 ALTER TABLE `race` ENABLE KEYS */;
UNLOCK TABLES;

--
-- Table structure for table `source_type`
--

DROP TABLE IF EXISTS `source_type`;
/*!40101 SET @saved_cs_client     = @@character_set_client */;
/*!40101 SET character_set_client = utf8 */;
CREATE TABLE `source_type` (
  `Source_Type_ID` smallint(6) NOT NULL AUTO_INCREMENT,
  `Source` varchar(50) NOT NULL,
  PRIMARY KEY (`Source_Type_ID`)
) ENGINE=InnoDB AUTO_INCREMENT=16 DEFAULT CHARSET=latin1;
/*!40101 SET character_set_client = @saved_cs_client */;

--
-- Dumping data for table `source_type`
--

LOCK TABLES `source_type` WRITE;
/*!40000 ALTER TABLE `source_type` DISABLE KEYS */;
INSERT INTO `source_type` VALUES (1,'Book'),(2,'Broadcast Transcripts'),(3,'Commercial/Non-Governmental Source'),(4,'Court Document'),(5,'Dataset'),(6,'Governmental Report'),(7,'Journal'),(8,'Magazine'),(9,'Mailing List'),(10,'Newspaper'),(11,'NGO Report'),(12,'Website'),(13,'Wire Report'),(14,'World News Connection'),(15,'Journal');
/*!40000 ALTER TABLE `source_type` ENABLE KEYS */;
UNLOCK TABLES;

--
-- Table structure for table `state`
--

DROP TABLE IF EXISTS `state`;
/*!40101 SET @saved_cs_client     = @@character_set_client */;
/*!40101 SET character_set_client = utf8 */;
CREATE TABLE `state` (
  `State_ID` smallint(6) NOT NULL AUTO_INCREMENT,
  `State` varchar(50) NOT NULL,
  `Region` varchar(20) NOT NULL,
  PRIMARY KEY (`State_ID`)
) ENGINE=InnoDB AUTO_INCREMENT=52 DEFAULT CHARSET=latin1;
/*!40101 SET character_set_client = @saved_cs_client */;

--
-- Dumping data for table `state`
--

LOCK TABLES `state` WRITE;
/*!40000 ALTER TABLE `state` DISABLE KEYS */;
INSERT INTO `state` VALUES (1,'Alabama','south'),(2,'Alaska','west'),(3,'Arizona','west'),(4,'Arkansas','south'),(5,'California','west'),(6,'Colorado','west'),(7,'Connecticut','north'),(8,'Delaware','south'),(9,'Florida','south'),(10,'Georgia','south'),(11,'Hawaii','west'),(12,'Idaho','west'),(13,'Illinois','mid west'),(14,'Indiana','midwest'),(15,'Iowa','midwest'),(16,'Kansas','mid west'),(17,'Kentucky','south'),(18,'Louisiana','south'),(19,'Maine','north'),(20,'Maryland','north'),(21,'Massachusetts','north'),(22,'Michigan','mid west'),(23,'Minnesota','mid west'),(24,'Mississippi','south'),(25,'Missouri','south'),(26,'Montana','west'),(27,'Nebraska','mid west'),(28,'Nevada','west'),(29,'New Hampshire','noth'),(30,'New Jersey','north'),(31,'New Mexico','west'),(32,'New York','north'),(33,'North Carolina','south'),(34,'North Dakota','mid west'),(35,'Ohio','south'),(36,'Oklahoma','south'),(37,'Oregon','west'),(38,'Pennsylvania','north'),(39,'Rhode Island','north'),(40,'South Carolina','south'),(41,'South Dakota','mid west'),(42,'Tennessee','south'),(43,'Texas','south'),(44,'Utah','mid west'),(45,'Vermont','north'),(46,'Virginia','south'),(47,'Washington','west'),(48,'West Virginia','south'),(49,'Wisconsin','mid west'),(50,'Wyoming','west'),(51,'Washington DC','south');
/*!40000 ALTER TABLE `state` ENABLE KEYS */;
UNLOCK TABLES;

--
-- Table structure for table `suspect`
--

DROP TABLE IF EXISTS `suspect`;
/*!40101 SET @saved_cs_client     = @@character_set_client */;
/*!40101 SET character_set_client = utf8 */;
CREATE TABLE `suspect` (
  `Suspect_ID` int(11) NOT NULL AUTO_INCREMENT,
  `Suspect_Name` varchar(100) NOT NULL,
  `Race_ID` smallint(6) NOT NULL,
  `Gender` enum('M','F') NOT NULL DEFAULT 'M',
  PRIMARY KEY (`Suspect_ID`),
  KEY `Race_ID` (`Race_ID`),
  CONSTRAINT `suspect_ibfk_1` FOREIGN KEY (`Race_ID`) REFERENCES `race` (`Race_ID`)
) ENGINE=InnoDB AUTO_INCREMENT=22 DEFAULT CHARSET=latin1;
/*!40101 SET character_set_client = @saved_cs_client */;

--
-- Dumping data for table `suspect`
--

LOCK TABLES `suspect` WRITE;
/*!40000 ALTER TABLE `suspect` DISABLE KEYS */;
INSERT INTO `suspect` VALUES (10,'Ed Farly',4,'M'),(11,'Lorenzo Angel',3,'M'),(12,'Brenden ONeal',4,'M'),(13,'Ed Smith',2,'M'),(14,'Mary Smith',5,'F'),(15,'Bob Smith',1,'M'),(16,'Pat Davis',4,'F'),(17,'Bill Sanders',2,'M'),(18,'Frank Smith',2,'M'),(19,'Michael Brown',2,'M'),(20,'Jonathan Kaplan',4,'M'),(21,'a',2,'M');
/*!40000 ALTER TABLE `suspect` ENABLE KEYS */;
UNLOCK TABLES;

--
-- Table structure for table `suspect_mapping`
--

DROP TABLE IF EXISTS `suspect_mapping`;
/*!40101 SET @saved_cs_client     = @@character_set_client */;
/*!40101 SET character_set_client = utf8 */;
CREATE TABLE `suspect_mapping` (
  `ID` int(11) NOT NULL AUTO_INCREMENT,
  `Suspect_ID` int(11) NOT NULL,
  `Incident_Suspect_ID` int(11) NOT NULL,
  PRIMARY KEY (`ID`),
  KEY `Suspect_ID` (`Suspect_ID`),
  KEY `Incident_Suspect_ID` (`Incident_Suspect_ID`),
  CONSTRAINT `suspect_mapping_ibfk_1` FOREIGN KEY (`Suspect_ID`) REFERENCES `suspect` (`Suspect_ID`),
  CONSTRAINT `suspect_mapping_ibfk_2` FOREIGN KEY (`Incident_Suspect_ID`) REFERENCES `incident_suspect` (`Incident_Suspect_ID`) ON DELETE CASCADE
) ENGINE=InnoDB AUTO_INCREMENT=13 DEFAULT CHARSET=latin1;
/*!40101 SET character_set_client = @saved_cs_client */;

--
-- Dumping data for table `suspect_mapping`
--

LOCK TABLES `suspect_mapping` WRITE;
/*!40000 ALTER TABLE `suspect_mapping` DISABLE KEYS */;
INSERT INTO `suspect_mapping` VALUES (2,11,2),(3,12,3),(4,13,4),(5,14,5),(6,15,6),(7,16,7),(8,17,8),(9,18,9),(10,19,10),(11,20,11),(12,21,12);
/*!40000 ALTER TABLE `suspect_mapping` ENABLE KEYS */;
UNLOCK TABLES;

--
-- Table structure for table `target_area`
--

DROP TABLE IF EXISTS `target_area`;
/*!40101 SET @saved_cs_client     = @@character_set_client */;
/*!40101 SET character_set_client = utf8 */;
CREATE TABLE `target_area` (
  `Target_Area_ID` smallint(6) NOT NULL AUTO_INCREMENT,
  `Target_Area` varchar(40) NOT NULL,
  `Specific_Target_Area` varchar(40) NOT NULL,
  PRIMARY KEY (`Target_Area_ID`)
) ENGINE=InnoDB AUTO_INCREMENT=12 DEFAULT CHARSET=latin1;
/*!40101 SET character_set_client = @saved_cs_client */;

--
-- Dumping data for table `target_area`
--

LOCK TABLES `target_area` WRITE;
/*!40000 ALTER TABLE `target_area` DISABLE KEYS */;
INSERT INTO `target_area` VALUES (1,'HEAD/NECK','face'),(2,'HEAD/NECK','scalp'),(3,'HEAD/NECK','throat'),(4,'TORSO','thorax'),(5,'TORSO','abdomen'),(6,'TORSO','back'),(7,'TORSO','pelvis'),(8,'TORSO','shoulder'),(9,'LIMBS','arm'),(10,'LIMBS','legs'),(11,'LIMBS','thigh');
/*!40000 ALTER TABLE `target_area` ENABLE KEYS */;
UNLOCK TABLES;

--
-- Table structure for table `weapons`
--

DROP TABLE IF EXISTS `weapons`;
/*!40101 SET @saved_cs_client     = @@character_set_client */;
/*!40101 SET character_set_client = utf8 */;
CREATE TABLE `weapons` (
  `Weapons_ID` smallint(6) NOT NULL AUTO_INCREMENT,
  `Weapons_Type` varchar(40) NOT NULL,
  PRIMARY KEY (`Weapons_ID`)
) ENGINE=InnoDB AUTO_INCREMENT=7 DEFAULT CHARSET=latin1;
/*!40101 SET character_set_client = @saved_cs_client */;

--
-- Dumping data for table `weapons`
--

LOCK TABLES `weapons` WRITE;
/*!40000 ALTER TABLE `weapons` DISABLE KEYS */;
INSERT INTO `weapons` VALUES (1,'sharp edged / bladed weapon'),(2,'bludgeoning weapon'),(3,'FIREARM'),(4,'REPLICA / FAKE GUN'),(5,'UNARMED'),(6,'OTHER');
/*!40000 ALTER TABLE `weapons` ENABLE KEYS */;
UNLOCK TABLES;
/*!40103 SET TIME_ZONE=@OLD_TIME_ZONE */;

/*!40101 SET SQL_MODE=@OLD_SQL_MODE */;
/*!40014 SET FOREIGN_KEY_CHECKS=@OLD_FOREIGN_KEY_CHECKS */;
/*!40014 SET UNIQUE_CHECKS=@OLD_UNIQUE_CHECKS */;
/*!40101 SET CHARACTER_SET_CLIENT=@OLD_CHARACTER_SET_CLIENT */;
/*!40101 SET CHARACTER_SET_RESULTS=@OLD_CHARACTER_SET_RESULTS */;
/*!40101 SET COLLATION_CONNECTION=@OLD_COLLATION_CONNECTION */;
/*!40111 SET SQL_NOTES=@OLD_SQL_NOTES */;

-- Dump completed on 2016-02-19 12:46:43
